name,latitude,longitude
"COLABA BUS STATION, POST OFFICE",18.911184,72.820905
DHOBI GHAT (NAVY NAGAR),18.906977,72.812432
DR. SHYAMAPRASAD MUKHERJEE CHOWK(MUSEUM),18.926071,72.831553
FOREIGN POST OFFICE,18.935157,72.840318
G.T.HOSPITAL,18.946082,72.831718
CHHATRAPATI SHIVAJI MAHARAJ TERMINUS (GPO),18.938434,72.83660399999999
HUTATMA CHOWK,18.933019,72.831785
BALLARD PIER,18.937162,72.84036500000001
JOHAR CHOWK (BHENDI BAZAAR),18.958243,72.832421
KHADI BHANDAR,18.937637,72.834326
MAHATMA PHULE MARKET (CRAWFORD MARKET),18.947169,72.835392
RAILWAY CROSSING (MANDVI),18.95911,72.84616
"MANDVI POST OFFICE, MINARA MASJID",18.955732,72.83287900000001
OLD CUSTOM HOUSE,18.929787,72.834873
PILOT BUNDER,18.90473,72.815832
RESERVE BANK OF INDIA (FORT),18.932651,72.836219
HORNIMAN CIRCLE,18.93153,72.834131
STRAND CINEMA,18.916844,72.827089
SWADESHI MARKET,18.949251,72.828886
SWAMI DAYANAND SARASWATI CHOWK (FORT),18.937043,72.836966
TADWADI (MAZGAON),18.964454,72.839319
MALLET BUNDER,18.958045,72.847281
VASUDEO BALWANT PHADKE CHOWK (DHOBI TALAO),18.944997,72.830371
VIJAY VALLABH CHOWK (PYDHONIE),18.954882,72.83212
ZAKERIA MASJID,18.952462,72.834239
M.T.PARK,18.907473,72.81173800000001
FIRE BRIGADE,18.947317,72.840253
CHINCH BUNDER,18.958283,72.838517
MAZGAON DOCK,18.96576,72.846706
INS ASHWINI HOSPITAL,18.901522,72.814677
BHULESHWAR,18.952803,72.830032
CARNAC BUNDER,18.949946,72.84091600000001
CENTRAL RAILWAY GOODS,18.960617,72.84356699999999
CHAKALA MARKET,18.950222,72.834506
COLABA BUS STATION,18.912649,72.82319099999999
ANJEERWADI,18.973543,72.840243
BEST COLONY (BHOIWADA),19.005448,72.848018
BHARATMATA CINEMA,18.995151,72.837749
BYCULLA STATION (E),18.974469,72.833747
KHODADAD CIRCLE (DADAR TT),19.015113,72.84559900000001
RUIA COLLEGE (MATUNGA-E),19.021295,72.850724
SHANTARAM PUJARE CHOWK (KALA CHOWKY),18.988375,72.836595
SAHAKAR NAGAR (WADALA-W),19.012108,72.851139
SEWREE NAKA,18.9987,72.849998
"SEWREE POLICE STATION, DARUKHANA",18.97962,72.849052
SHARDA CINEMA,19.014309,72.84612199999999
SHINDEWADI (DADAR-E),19.011669,72.843236
SPRING MILL,19.010073,72.848119
T.B.HOSPITAL (KIDWAI NAGAR),19.005043,72.851799
TATA HOSPITAL (BHOIWADA),19.004333,72.84291899999999
"VITTHAL MANDIR, WADALA MARKET",19.016454,72.852484
WADALA CHURCH,19.018389,72.85528499999999
WADIA MATERNITY HOSPITAL,19.002852,72.842682
DADAR STATION (E),19.017506,72.844116
INDIRA NAGAR (SEWREE),18.992749,72.85457
COAL BUNDER,18.98332,72.85827999999999
I.C.I. (SEWREE),18.980877,72.85145300000001
JIJAMATA MUNICIPAL SCHOOL(BYCULLA-E),18.980264,72.840182
NEW HIND MILL MHADA COLONY,18.983779,72.841015
WADALA STATION (W),19.016973,72.858886
"INDIRA NAGAR, FROSBERRY ROAD",18.986587,72.851905
A.H.ANSARI CHOWK (NAGPADA),18.970602,72.832696
AGRIPADA POLICE STATION,18.977416,72.82403100000001
AIR CONDITION MARKET,18.973515,72.814386
ALANKAR CINEMA,18.957579,72.826981
"MAHARASHTRA COLLEGE, ALEXANDRA CINEMA",18.967292,72.827353
ANJUMAN COLLEGE,18.96177,72.825648
B.P.T COLONY (DOCKYARD RD),18.964166,72.84148500000001
BHATIA HOSPITAL,18.965049,72.812969
BREACH CANDY HOSPITAL,18.972252,72.804948
BYCULLA STATION (W),18.977269,72.83216899999999
CHRIST CHURCH SCHOOL,18.96976,72.83001
DOCKYARD ROAD RAILWAY STATION,18.966183,72.84448399999999
DARUKHANA,18.971396,72.845316
AZAD FLOUR MILL,18.985369,72.841052
GADI ADDA,18.994646,72.85388500000001
MAHATMA GANDHI HOSPITAL (PAREL),18.997384,72.84035900000001
GANESH TALKIES (LALBAUG),18.989738,72.83461
GHODAPDEV,18.982073,72.842839
HAKOBA,18.988268,72.83877
HINDMATA CINEMA (PAREL),19.010034,72.84242999999999
HINDU CEMETARY(REAY ROAD),18.977549,72.846964
JACKERIA BUNDER,18.99167,72.847667
JAIHIND CINEMA,18.984382,72.83650299999999
JIJAMATA UDYAN (BYCULLA),18.979989,72.834104
ROBERT GOMES CHOWK (BYCULLA-E),18.980677,72.836316
K.E.M.HOSPITAL,19.001549,72.840755
SHRAWAN YASHWANTE CHOWK (KALA CHOWKY),18.987583,72.841525
KALA CHOWKY POLICE STATION,18.987972,72.84294
LAL BAHADUR SHASTRI COLLEGE,18.980583,72.859279
SANT JAGNADE CHOWK (LALBAUG),18.991717,72.83627
MADKEBUWA CHOWK (PAREL),19.004386,72.841038
MADHAV NAGAR (WADALA-W),19.011884,72.854349
"MUSTAFA BAZAR, SAVLYA TANDEL CHOWK",18.976253,72.839938
NAIGAON POLICE COLONY,19.007489,72.847171
PRABODHANKAR THACKERAY UDYAN BUS STATION (SEWREE),18.998196,72.852249
"PAREL VILLAGE, ST.GORA KUMBHAR CHOWK",19.000613,72.846008
PARSI GENERAL HOSPITAL,18.968574,72.80365
PLAY HOUSE,18.961759,72.822458
PRARTHANA SAMAJ,18.958035,72.820334
PREM NAGAR,18.94972,72.794268
PRIYADARSHINI PARK (NAPEAN SEA ROAD),18.956853,72.799503
"RAILWAY HOTEL, CHARNI ROAD JUNCTION",18.961387,72.81993199999999
SAIDHAM (GRANT ROAD),18.958087,72.816906
SIMLA HOUSE,18.95803,72.802397
ST.MARY S HIGH SCHOOL (MAZGAON),18.969781,72.835137
"TARDEO BUS STATION, RUSI MEHTA CHOWK",18.963881,72.82087
TWO TANKS,18.961618,72.827699
VATSALABAI DESAI CHOWK (HAJI ALI),18.977055,72.811809
VASANTRAO NAIK CHOWK (TARDEO),18.969965,72.81511999999999
VASANTRAO NAIK CHOWK,18.97039,72.815015
"GULAL WADI, YADNIK CHOWK",18.956424,72.828188
GRANT ROAD STATION (W),18.964031,72.81591299999999
SANT GADGE MAHARAJ CHOWK (SAATRASTA),18.979732,72.82781799999999
"GOVERNMENT COLONY, INDIAN MEDICAL ASSOCIATION CHOWK",18.978701,72.81503600000001
DR.M.IQBAL CHOWK (J J HOSPITAL),18.962796,72.83178100000001
LALA LAJPATRAI COLLEGE,18.98217,72.81438799999999
GRANT ROAD BRIDGE,18.96188,72.815697
WADALA FLY OVER BRIDGE,19.018798,72.860671
ABHISHEK APARTMENTS,19.12135,72.826165
ARYA SAMAJ MANDIR,19.079447,72.83446600000001
"VILE PARLE (W), ASHOKA HALL",19.099361,72.839544
BALKANJI BARI SCHOOL,19.084758,72.832837
CHANDAN CINEMA,19.114391,72.827003
DR.COOPER HOSPITAL,19.107662,72.836782
GAGANDEEP,19.113588,72.836873
GRANT ROAD STATION (E),18.9632,72.816569
GOLDEN TOBACCO (VILE PARLE-W),19.104836,72.839569
HARE RAM HARE KRISHNA (ISKCON),19.113097,72.82624300000001
ERLA,19.109263,72.840687
J.V.P.D.BUS STATION,19.116169,72.831862
JUHU BEACH,19.095736,72.82816699999999
JUHU SHOPPING CENTRE (JVPD),19.115611,72.834847
VESAVA LINK ROAD,19.122948,72.824719
SAHAKARI BHANDAR (JUHU),19.103593,72.83190999999999
NAWAB TANK MARG,18.965551,72.844959
DR.BHADKAMKAR ROAD,18.960264,72.817217
GARLIC COMPANY,18.979118,72.828245
GOL MANDIR (BHULESHWAR),18.958087,72.82883200000001
NANA CHOWK,18.961925,72.8147
HYDERABAD ESTATE,18.956014,72.80085200000001
J.MEHTA MARG (NAPEAN SEA ROAD),18.951086,72.796223
KASTURBA GANDHI CHOWK (C.P.TANK),18.954453,72.825986
KHETWADI (GIRGAON),18.958046,72.822461
MAHARANA PRATAP CHOWK (MAZGAON),18.968385,72.840532
MAFATLAL PARK,18.973472,72.805763
MAZGAON COURT,18.968718,72.83868
MUMBAI CENTRAL DEPOT,18.968202,72.824456
MAZGAON DOCK (MAHUL),19.024805, 72.889984
MUMBAI CENTRAL STATION,18.968715,72.822053
NAGPADA POLICE STATION,18.966652,72.82976499999999
NALANDA (CUMBALLA HILL),18.967114,72.807982
NAVJEEVAN SOCIETY (TARDEO),18.965316,72.81951100000001
"A.H.ANSARI CHOWK, NEW NAGPADA",18.966582,72.83258499999999
"NOVELTY CINEMA, DR.BHADKAMKAR ROAD",18.961847,72.81883000000001
"SANTACRUZ STATION (W) ROAD, KASHIBAI HOSPITAL",19.08505,72.83803399999999
"PARASMANI, MADHUKUNJ SOCIETY",19.107982,72.829949
MANO-BINA APARTMENTS,19.116157,72.84096700000001
NANAVATI HOSPITAL,19.095052,72.839519
PARSI COLONY (JUHU),19.09976,72.827551
VILE PARLE (W),19.101719,72.838849
ROYAL HOTEL(JUHU),19.092135,72.828175
SANTACRUZ DEPOT,19.091853,72.83859
KAPADIA NAGAR,19.075178,72.872704
KUNCHI KURVE NAGAR,19.077245,72.869938
KURLA STATION (W),19.067222,72.878998
KURLA DEPOT,19.075379,72.878823
"RAJMATA AHILYABAI HOLKAR UDYAN, KURLA LION S PARK",19.060804,72.872702
LAXMANRAO YADAV MARKET (KURLA MARKET),19.070375,72.87937700000001
"SANT ROHIDAS SABHAGURHA, KURLA POST OFFICE",19.063976,72.874088
MAHATMA PHULE BHAVAN (VIDYA NAGARI),19.069198,72.856954
MILAN SUBWAY,19.090547,72.844112
MILITARY OUTPOST (KALINA),19.080573,72.859056
"MUKUND COMPANY, P.W.D.OFFICE (KAMANI)",19.08468,72.88994599999999
NEW AIR INDIA QUARTERS,19.080733,72.872274
OLD AGRA ROAD (KURLA-W),19.079029,72.879724
PHATAK TECHNICAL SCHOOL,19.0809,72.8502167
RAHAT APARTMENT,19.075298,72.87965
VAKOLA POLICE STATION,19.080556,72.846029
VIDYA VIHAR S.T.WORKSHOP,19.080931,72.890812
SAFED POOL (SAKI NAKA),19.096593,72.883622
SANTACRUZ STATION (E),19.081069,72.842446
SHEETAL CINEMA (KURLA-W),19.082454,72.88214600000001
SUNDAR BAUG (KAMANI),19.08682,72.887246
VAKOLA PIPE LINE,19.081221,72.853953
VAKOLA POLICE STATION (HANUMAN MANDIR),19.079012,72.847227
VIDYA NAGARI (KALINA),19.073356,72.86097100000001
VIDYA NAGARI (KALINA) NEHRU LIBRARY,19.071114,72.85872000000001
VIDYA VIHAR BUS STATION (W),19.079958,72.89659
ACHARYA ATRE CHOWK (WORLI NAKA),18.996907,72.816531
ADARSH NAGAR (WORLI VILLAGE),19.016434,72.82200400000001
AGAR BAZAR,19.018619,72.83394199999999
SANTACRUZ POLICE STATION,19.084344,72.835498
SANTACRUZ STATION (W) ROAD,19.080289,72.837829
SHOPPERS STOP (ANDHERI-W),19.115381,72.84326799999999
STATE BANK (VILE PARLE-W),19.110602,72.829852
SUKHMANI SOCIETY,19.113231,72.829859
VAIKUNTH DHAM,19.115367,72.823176
YASHODHAM,19.088073,72.83290100000001
MITHIBAI COLLEGE,19.103597,72.83693700000001
BHARAT NAGAR (VESAVE),19.125413,72.822579
"D.N.NAGAR, BARFIWALA VIDYALAYA",19.123928,72.83049699999999
INDIAN OIL NAGAR (ANDHERI-W),19.127307,72.831046
ESIC NAGAR,19.121979,72.829904
AMAR BRASS & STEEL COMPANY,19.071976,72.865627
"ANJANABAI MAGAR CHOWK, SWATANTRA SAINIK SURVE CHOWK",19.071466,72.875604
BAIL BAZAR,19.086438,72.881013
BUDDHA NAGAR (KURLA-W),19.073456,72.880326
CHIRAG NAGAR,19.08658,72.898117
DATTA MANDIR (VAKOLA),19.083,72.8532333
DR.AMBEDKAR BHAVAN (VIDYA NAGARI),19.072169,72.854653
GOL BUILDING (KURLA-W),19.067446,72.87499800000001
JARIMARI (SAKINAKA),19.094687,72.883413
KALINA,19.077775,72.862897
KALPANA CINEMA,19.077285,72.878528
KAMANI,19.084669,72.88548900000001
PHOENIX MILL,18.995107,72.82558299999999
POLICE CAMP (WORLI),19.008053,72.814431
PRABHADEVI,19.013656,72.829396
PRABODHANKAR THACKERAY CHOWK (DADAR-W),19.020049,72.836562
RANADE ROAD (DADAR-W),19.021603,72.837559
"DR.RAVINDRA KULKARNI CHOWK, SASMIRA (WORLI)",19.010127,72.820356
"MAHALAXMI RACE COURSE, ZENITH HOUSE",18.979708,72.820297
"AMBIKA MILL BUS STATION, H.U.RAKHANGI CHOWK",18.988013,72.822816
RAM GANESH GADKARI CHOWK (DADAR-W),19.026086,72.840851
"PAREL S.T.DEPOT, SANT ROHIDAS CHOWK",19.011563,72.832494
"JARIMARI MATA MANDIR, S.T.OFFICE (WORLI)",18.995,72.815697
SAYANI MARG,19.010613,72.83151599999999
VEER HUTATMA BHAI KOTWAL UDYAN (PLAZA),19.02297,72.842392
SIMPLEX MILL,18.97978,72.831236
SHREE RAM MILL,18.997362,72.822048
"VENUS BUILDING, WATUMAL ENGG.COLLEGE",19.002034,72.811796
WORLI DAIRY,18.998185,72.81149600000001
WORLI DEPOT,19.013966,72.81988800000001
WORLI VILLAGE,19.016713,72.82073099999999
PASSPORT OFFICE (WORLI),19.011356,72.820916
WORLI SEA FACE (S),19.015789,72.817645
BABASAHEB WORLIKAR CHOWK (CENTURY BAZAAR),19.012387,72.822349
BAWLA MASJID,18.994514,72.831187
"S BRIDGE, MANDLIK CHOWK",18.981036,72.831986
CITYLIGHT CINEMA,19.030044,72.84179899999999
KABUTARKHANA (DADAR-W),19.018669,72.840154
DADAR POLICE STATION,19.014203,72.835379
DEEPAK CINEMA,19.006919,72.83199399999999
DHAIRYAVAN CHOWK,19.0313458,72.84275820000001
DOORDARSHAN (WORLI),19.005942,72.818128
DAWN MILL,18.998144,72.828097
PRABHADEVI STATION (W),19.007237,72.835337
"FLORA HOTEL, WATUMAL ENGG.COLLEGE",19.00321,72.813562
COMRADE GULABRAO GANACHARYA CHOWK,18.985778,72.831108
JIJAMATA NAGAR (WORLI),18.993269,72.820105
"KHEDGALLI, SIDDHIVINAYAK MANDIR (PRABHADEVI)",19.014716,72.832634
LOWER PAREL STATION,18.996899,72.83125200000001
LOWER PAREL WORKSHOP,19.000901,72.831163
MAHALAXMI STATION,18.983397,72.82448100000001
N.M.JOSHI MARG POLICE STATION,18.991353,72.83146499999999
NEHRU PLANETARIUM (WORLI),18.98956,72.813783
NARAYAN PUJARI NAGAR (WORLI),18.994619,72.81379699999999
COMRADE P.K.KURNE CHOWK (WORLI ),19.004896,72.820921
BALBHARATI (KANDIVALI-W),19.200386,72.848761
RANA & SONS,19.210417,72.826835
CHARKOP POLICE STATION,19.214487,72.820898
CHARKOP VILLAGE,19.208715,72.821017
"ADITYA APARTMENT, CHIKOOWADI",19.220129,72.84074099999999
DAHANUKAR WADI,19.20773,72.837237
CHARKOP EKDANT SOCIETY,19.217983,72.820267
GANESH CHOWK,19.2154,72.83435299999999
SHIMPAVALI NAKA,19.22347,72.85292099999999
SUVARNA HOSPITAL (BORIVALI -W),19.2239,72.845854
VAISHALI BHAVAN (KANDIVALI-W),19.205114,72.838954
YASHKRIPA BUILDING,19.221368,72.841995
PRABODHANKAR THACKERAY NAGAR MARKET (CHARKOP),19.216155,72.828447
AGARKAR CHOWK (ANDHERI-E),19.11748,72.848038
ASHIRWAD SOCIETY,19.112607,72.896568
BAHAR CINEMA,19.110907,72.853915
BAMANDAYA PADA,19.122938,72.886888
BELA NIVAS,19.114227,72.86176399999999
BEST QUARRIES (CHANDIVALI),19.111804,72.90094999999999
BLOSSOM COMPANY,19.117028,72.881569
CHAKALA,19.113195,72.858951
CHAKALA CIGARETTE FACTORY,19.107468,72.85886000000001
CHANDIVALI VILLAGE,19.114225,72.898839
CHHATRAPATI SHIVAJI INTERNATIONAL AIRPORT (SAHAR),19.100664,72.87463
"DARPAN CINEMA, SAI SERVICE",19.116979,72.85547
DOMESTIC AIRPORT JUNCTION,19.09347,72.85153200000001
GANESH PADA,19.120824,72.88551099999999
GAUTAM NAGAR (MIDC-MAROL),19.118432,72.869783
"SHRI SWAMI SAMARTH MUTT, HANUMAN ROAD (VILE PARLE-E)",19.103714,72.85142999999999
"ICICI BANK  (CHANDIVLI), SINHAGAD COLLEGE",19.113573,72.89663400000001
J.B.NAGAR (ANDHERI-E),19.10832,72.864571
JAMBHULPADA,19.094061,72.898894
JUNGLESHWAR MAHADEO MANDIR,19.100881,72.89858700000001
KHERANI BAUG,19.102815,72.8991
KULKARNI WADI,19.098451,72.89779
GOKHALE HIGH SCHOOL (BORIVALI -W),19.223704,72.850914
HARIDAS NAGAR,19.221706,72.847891
"HINDUSTAN NAKA, C.CHARANSINGH CHOWK",19.20807,72.829367
INDIAN EDUCATION SCHOOL (KANDIVALI-W),19.213586,72.824094
JAY GANGA,19.211768,72.820786
MAHATMA GANDHI SWIMMING POOL (KANDIVALI-W),19.205379,72.844251
KAMRAJ NAGAR (KANDIVALI-W),19.208625,72.834996
KANDIVALI STATION (W),19.204684,72.850809
KANDIVALI VILLAGE,19.205694,72.84217700000001
"GANESH MANDIR, KASTUR PARK",19.223739,72.84853699999999
MAHAVIR NAGAR (KANDIVLI-W),19.211952,72.83963300000001
MAHAVIR NAGAR -EXTENSION (KANDIVLI-W),19.215665,72.838813
DENA BANK (KANDIVALI-W),19.204244,72.848759
MILAP TALKIES,19.196248,72.84751900000001
NETAJI SUBHASHCHANDRA BOSE SPORTS COMPLEX,19.2123,72.845235
BHABREKAR NAGAR NO.1,19.205447,72.824034
PUNCHASHEEL APARTMENTS,19.213372,72.841364
"MAHAVIR NAGAR EXTENSION (KANDIVLI-W), PARIJAT SOCIETY",19.214392,72.83950900000001
POISAR DEPOT,19.213649,72.850987
PRAPTI SOCIETY,19.220716,72.839494
RASHMI RATHI SOCIETY,19.215446,72.835865
RENUKA NAGAR,19.211408,72.83587799999999
SHANTI NAGAR (KANDIVALI-W),19.206394,72.834703
MARWAH ROAD JUNCTION (SAKI VIHAR ROAD),19.109216,72.887626
ASHOK NAGAR (MAROL MAROSHI),19.118032,72.88517
"ACHARYA GARDEN, DIAMOND GARDEN",19.051411,72.90044899999999
AGARWADI (MANKHURD),19.045699,72.925921
APNA BAZAR (VASHI),19.070876,72.9975
BALBHARATI VIDYALAYA (KHARGHAR),19.034101,73.062839
B.A.R.C GATE NO.6,19.042123,72.933797
BASANT TALKIES,19.045874,72.90413700000001
BELPADA VILLAGE,19.029007,73.060233
"SAMATA NAGAR, BONKODE",19.094932,73.005764
CANARA BANK (KHARGHAR),19.035446,73.064103
CHEETA CAMP,19.038429,72.944712
CHINCHOLI TALAO (NAVI MUMBAI),19.046407,73.01754
A.P.M.C. FRUIT AND VEGETABLE MARKET,19.076592,73.009721
GANDHI MARKET (CHEMBUR),19.045736,72.89607100000001
GHANSOLI VILLAGE,19.12284,72.99966000000001
GHARKUL,19.037913,73.07750900000001
GOKHALE VIDYALAYA (KHARGHAR),19.041489,73.065921
GOVANDI STATION ROAD (E),19.052662,72.914186
HELAN KELLAR INSTITUTE (MAHAPE),19.113225,73.01230700000001
HIRANANDANI COMPLEX JUNCTION (KHARGHAR),19.032888,73.066543
I.C.L.SCHOOL (VASHI),19.073158,73.01247499999999
JALVAYU VIHAR (KHARGHAR),19.049653,73.07028699999999
"JUI NAGAR, GAONDEVI CHOWK",19.049208,73.017218
JUI NAGAR RAILWAY STATION,19.055676,73.015463
KALAMBOLI FIRE BRIGADE,19.02633,73.1052
KACHWADI,19.052752,72.915953
KENDRIYA VIHAR (SECTOR 12),19.037595,73.065719
KOPARA VILLAGE,19.036841,73.07282499999999
VASHI SECTOR 29,19.089368,73.004897
MEGA MART,19.091734,73.005516
M.S.E.B.OFFICE (KOPAR KHAIRANE),19.106858,73.002602
LUCKY HOTEL (KHAIRANI MARG),19.105162,72.89531599999999
MAHARASHTRA KATA (SAKI NAKA),19.103046,72.888864
MAROL DEPOT,19.117914,72.865145
MAROL LIONS CLUB,19.109852,72.875319
MAROL VILLAGE,19.112094,72.87891
"MAROL NAKA, MATA RAMABAI AMBEDKAR CHOWK",19.110034,72.878398
MHADA COLONY (CHANDIVALI),19.111288,72.896787
MITTAL ESTATE (MAROL),19.107588,72.883664
MOHILI VILLAGE,19.098575,72.892658
SAHAR P & T COLONY NO.2,19.103548,72.861951
PARLE TILAK VIDYALAYA,19.103088,72.847078
R.B.I. COLONY (ANDHERI-E),19.110848,72.86207899999999
SAHAR POLICE STATION,19.102038,72.876644
SAINATH NAGAR (MIDC -MAROL),19.120946,72.87562699999999
SAMBHAJI NAGAR (VILE PARLE-E),19.1019,72.854795
CHAKALA (SATAMWADI),19.11147,72.85990200000001
SHIVPREMI NAGAR,19.09565,72.897829
STATE BANK (SAKI NAKA),19.106379,72.887922
"SUMER HOUSE, SURAJ DIAMOND",19.121532,72.873744
TARUN BHARAT SOCIETY,19.107848,72.86153
DOMESTIC AIRPORT TERMINAL 1-B,19.09349,72.85583699999999
VIJAY NAGAR SOCIETY (ANDHERI-E),19.114146,72.84747900000001
MAHARASHTRA NAGAR (MANKHURD),19.051699,72.937738
MAITRI PARK,19.049669,72.905019
MANDALA,19.041743,72.93564000000001
MANKHURD OCTROI NAKA,19.05779,72.95623500000001
MANKHURD STATION (SOUTH),19.042673,72.930415
"MATHADI BHAVAN, COMMODITY EXCHANGE",19.078995,73.009151
MILLENNIUM BUSINESS PARK (MAHAPE),19.1123833,73.0167833
NATHU JOMA PATIL CHOWK,19.060655,73.01402
NERUL VILLAGE,19.036651,73.01513300000001
NERUL RAILWAY STATION,19.034274,73.017194
"CHECK POST NO.2, MAROL POLICE CAMP",19.123911,72.879988
ONION POTATO MARKET (VASHI),19.073738,73.005786
PANCHAVATI,19.116633,73.002747
ASHA USHA COMPANY,19.108486,72.924187
ASHOK KEDARE CHOWK,19.147731,72.92863699999999
ASIAN PAINTS,19.159305,72.937628
BARVE NAGAR,19.097991,72.902066
BAYER HOUSE,19.119577,72.91237099999999
BHANDUP POLICE STATION,19.151382,72.937487
BHANDUP STATION (W),19.144299,72.93782
BHANDUP STATION (W) ROAD,19.146711,72.93648899999999
CEAT COMPANY,19.154878,72.943409
KINGSTON SEZ (POWAI),19.114256,72.91317100000001
CIBA COMPANY,19.134758,72.928725
"CIPLA COMPANY, MILITARY CANTEEN",19.113735,72.926097
DARGAH (VIKHROLI-W),19.096622,72.915419
DOCKYARD COLONY (KANJURMARG-W),19.131297,72.92672
"DR.AMBEDKAR UDYAN, POWAI",19.124657,72.893978
EKTA NAGAR POLICE CHOWKY- BHANDUP-W,19.140729,72.926633
FOREST CLUB (POWAI),19.114435,72.906936
MANGATRAM PETROLPUMP,19.13895,72.93096799999999
FOREST STREET (POWAI),19.114815,72.908647
"GAONDEVI NAKA (BHANDUP-W), MADHUKUN BUILDING",19.154967,72.932115
GHATKOPAR PIPE LINE,19.087584,72.902878
GHATKOPAR POLICE STATION,19.086915,72.899799
GHATKOPAR STATION (W),19.086818,72.908874
"HIRANANDANI, POWAI BUS STATION",19.117705,72.905643
HANUMAN MANDIR (BARVE NAGAR),19.093719,72.90381600000001
HANUMAN NAGAR (BHANDUP-W),19.139752,72.921747
HIRANANDANI (POWAI),19.120569,72.906716
I.I.T.MAIN GATE (POWAI),19.125784,72.917046
I.I.T.MARKET (POWAI),19.128802,72.91962100000001
INDUSTRIAL ESTATE (VIKHROLI-W),19.099829,72.91451499999999
JUNGAL MANGAL ROAD (BHANDUP-W),19.150586,72.933837
KRUPA BUILDING,19.094036,72.907884
MEENATAI THACKERAY MAIDAN (ANACIN COMPANY),19.099504,72.917661
PARSIK BANK (NERUL),19.040741,73.021433
PUNJAB WADI (DEONAR),19.045281,72.91506200000001
R.F.NAIK SCHOOL (KOPAR KHAIRANE),19.0986,73.00502299999999
R.K.STUDIO,19.047736,72.907053
SHER-E-PUNJAB (ANDHERI-E),19.125862,72.861091
RAJ KAPOOR CHOWK (ANUSHAKTI NAGAR),19.043719,72.921513
R.B.I.COLONY (C.B.D.BELAPUR),19.022851,73.049334
SAIDHAM SOCIETY (NERUL),19.011689,73.014793
SANPADA STATION,19.067956,73.009775
SANPADA TELEPHONE EXCHANGE (SANT NIRANKARI BHAVAN),19.059137,73.01393400000001
NERUL SECTOR 42,19.015691,73.014984
"NERUL SECTOR 46, 48",19.009313,73.015666
"VASHI SECTOR 9,16, JUHU NAGAR MARKET",19.078555,72.99819599999999
SHIRAVANE VILLAGE,19.049567,73.021959
GANESH SOCIETY (NERUL),19.028239,73.01651699999999
SANT RAJINDER SINGH ASHRAM,19.112956,73.00229
"SAURASHTRA BANK, STATE BANK (VASHI)",19.079827,73.007622
TELECOM FACTORY,19.045164,72.918368
VASHI HIGHWAY,19.068753, 72.996169
TERNA VIDYALAYA (NERUL),19.038431,73.01464900000001
TERNA ENGINEERING COLLEGE (KOPAR KHAIRANE),19.11114,73.003563
THANE BELAPUR JUNCTION,19.067223,73.013395
TURBHE NAKA (JANATA MARKET),19.069507,73.019087
VASHI BUS STATION,19.072945,72.99775699999999
VASHI VILLAGE,19.069586,72.987495
VASHI RAILWAY STATION,19.06401,72.998373
VASHI SECTOR 19,19.083963,73.011842
CHHEDA NAGAR,19.069399,72.90493600000001
D.A.V.COLLEGE,19.138752,72.93579699999999
GANDHI MARKET (GHATKOPAR-E),19.08099,72.90427699999999
GANDHI NAGAR (KANJURMARG),19.124982,72.925686
GARODIA PALACE,19.074414,72.906674
KAMRAJ NAGAR (GHATKOPAR-E),19.073177,72.90928700000001
GHATKOPAR DEPOT,19.085954,72.919764
GHATKOPAR STATION (E),19.084777,72.90883700000001
"PESTOM SAGAR, GLASS FACTORY",19.07078,72.90122100000001
JAIN MANDIR (GHATKOPAR-E),19.081181,72.908562
KANJUR VILLAGE,19.130093, 72.941587
KANNAMWAR NAGAR NO.1,19.113827,72.935591
KANNAMWAR NAGAR NO.2,19.120061,72.938441
VIKHROLI POLICE STATION,19.12119,72.937529
MARATHI VIDYALAYA (GHATKOPAR-E),19.088528,72.916951
NALANDA SOCIETY (GHATKOPAR-E),19.074831,72.912926
NITYANAND NAGAR,19.091779,72.91273099999999
POLICE STATION (PANT NAGAR),19.086531,72.91526
RAILWAY POLICE GROUND (GHATKOPAR-E),19.077424,72.913742
RAJAWADI HOSPITAL,19.078885,72.904031
SAHAKAR TALKIES (CHEMBUR-W),19.068483,72.899501
SAIBABA MANDIR (GHATKOPAR),19.078354,72.910796
SHANKESHWAR BUILDING,19.074352,72.911035
SARVODAY MAHABUDDHA VIHAR (TILAK NAGAR CHEMBUR),19.067976,72.892875
SHIVAI VIDYALAYA (BHANDUP-E),19.152738,72.94635599999999
TAGORE NAGAR NO.5 (VIKHROLI-E),19.125245,72.92887899999999
TAGORE NAGAR NO.3 (VIKHROLI-E),19.11978,72.932226
TAGORE NAGAR POST OFFICE (VIKHROLI-E),19.115118,72.932616
"TAGORE NAGAR UDYAN, VIKHROLI BRIDGE",19.113339,72.933576
VIKAS VIDYALAYA,19.118209,72.937425
VIKHROLI STATION ROAD (E),19.109535,72.931999
VIKHROLI VILLAGE,19.103617,72.93006200000001
R.T.O.(GHATKOPAR-E),19.073232,72.911102
SAKHAR BHAVAN,18.926985,72.821167
SANT MUKTABAI HOSPITAL,19.097432,72.90439499999999
NAHUR RAILWAY STATION,19.153451,72.943618
NARDAS NAGAR,19.151597,72.928551
PRATAP NAGAR (BHANDUP-W),19.139093,72.923753
RAMASHRAM (POWAI),19.120134,72.900548
RAM BHAVAN,19.091551,72.903656
SAHYADRI NAGAR (BHANDUP-W),19.143521,72.928068
SAIBABA MANDIR (AMRUT NAGAR),19.09858,72.907787
SHIPPING CORPORATION (POWAI),19.122843,72.898399
TULSHETPADA,19.160885,72.93123
USHA NAGAR,19.15215,72.941593
VIKHROLI DEPOT,19.101998,72.91958
VIKHROLI PARK SITE,19.105023,72.91322099999999
VIKHROLI STATION (W),19.110718,72.927532
TATA POWER HOUSE (POWAI),19.115973,72.91619300000001
ADARSH VIDYALAYA (KANJURMARG-E),19.136864,72.93458
AMAR MAHAL,19.066101,72.900595
VIKHROLI STATION ROAD (W),19.111603,72.92574500000001
BHANDUP VILLAGE (E),19.144219,72.950035
BHANDUP VILLAGE (E) JUNCTION,19.155728,72.94916000000001
C.G.S.COLONY (BHANDUP-E),19.142004,72.938429
BABULNATH,18.95781,72.80909200000001
BACKBAY DEPOT,18.909745,72.817318
BIRLA KRIDA KENDRA,18.954336,72.81478199999999
CENTRAL CINEMA,18.954565,72.818314
CHARNI ROAD RAILWAY STATION,18.950917,72.821099
CHIRA BAZAR,18.949664,72.82481300000001
CHOWPATTY BAND STAND,18.955713,72.808685
AHILYABAI HOLKAR CHOWK (CHURCHGATE),18.933161,72.828795
TEEN BATTI  (WALKESHWAR),18.948432,72.798333
THAKURDWAR (GIRGAON),18.951532,72.822267
VEEJ BHAVAN,18.921768,72.826601
WANKHEDE STADIUM,18.93875,72.82431800000001
WHITE HOUSE,18.951318,72.802746
WILSON COLLEGE,18.955914,72.81113499999999
WORLD TRADE CENTRE,18.914968,72.81863300000001
YASHWANTRAO CHAVAN PRATISHTHAN (MANTRALAYA),18.925543,72.825839
TEEN BAKDA (WALKESHWAR),18.953462,72.80674999999999
AHILYABAI HOLKAR CHOWK,18.932943,72.827485
AJIT GLASS FACTORY,19.146494,72.843046
BANGUR NAGAR,19.168704,72.83532
BANGUR NAGAR POLICE CHOWKY,19.166274,72.835151
BEHRAM BAUG,19.145605,72.836868
"BEST NAGAR, OSHIWARA STAFF QUARTERS",19.153791,72.83893500000001
BHAGATSINGH NAGAR,19.156978,72.835301
C.C.I.COLONY (GOREGAON-W),19.16307,72.84008799999999
FAROOKH VIDYALAYA,19.131248,72.84764800000001
GOREGAON (W) BUS STATION,19.163853,72.84903300000001
"GOREGAON, OSHIWARA DEPOT",19.153383,72.83563599999999
HARI NIKETAN SOCIETY,19.163291,72.83317599999999
INORBIT MALL,19.17249,72.836259
JAIN MANDIR (GOREGAON-W),19.160203,72.848598
JOGESHWARI (W) BUS STATION,19.133868,72.848283
JOGESHWARI TABELA,19.137833,72.845933
JOGESHWARI TELEPHONE EXCHANGE,19.14139,72.84326900000001
MOTILAL NAGAR NO.2,19.164295,72.83497199999999
OSHIWARA BRIDGE,19.148672,72.843121
RAM MANDIR (GOREGAON-W),19.152079,72.84460199999999
SHASTRI NAGAR (GOREGAON-W),19.16032,72.834985
LOKMANYA TILAK NAGAR (GOREGAON-W),19.163234,72.84170399999999
VIVEK VIDYALAYA,19.158239,72.843552
FREE PRESS JOURNAL MARG,18.922967,72.823553
GAONDEVI POLICE STATION,18.9596667,72.812
GOVERNMENT LAW COLLEGE,18.936004,72.82414
GYMKHANA,18.945235,72.822433
PRESIDENT HOTEL,18.913316,72.820836
INCOME TAX OFFICE (MARINE LINES),18.93821,72.82727199999999
MAJESTIC CINEMA,18.955107,72.819225
MANTRALAYA,18.928261,72.823966
MARINE DRIVE,18.941469,72.823671
MARINE LINES RAILWAY STATION,18.944262,72.825102
MUMBAI GYMKHANA,18.938104,72.830414
PARSI AGYARI,18.950052,72.80170200000001
PRINCESS STREET (KALBADEVI),18.945374,72.827028
"REKHA SADAN, JAIN MANDIR (WALKESHWAR)",18.948721,72.798124
S.K.PATIL GARDEN (CHARNI ROAD),18.94921,72.821556
SHITAL BAUG,18.952566,72.80488099999999
IRANI BRIDGE,18.959296,72.81457899999999
SUKH SAGAR,18.956945,72.812872
BANDRA RECLAMATION BUS STATION,19.04794,72.82707000000001
BANDRA TALAO,19.058878,72.83774
BANDRA TALKIES,19.059428,72.835555
TELEPHONE EXCHANGE (BANDRA-W),19.051216,72.836406
BANK OF INDIA (BANDRA-W),19.055314,72.83132999999999
"MUNICIPAL OFFICE, BHABHA HOSPITAL (BANDRA-W)",19.057241,72.83396
DANDPADA,19.075068,72.82614599999999
ELCO MARKET,19.055686,72.833173
MAHIM,19.040948,72.840936
B.M.C.Office-Vikhroli,19.117613, 72.926057
"KHAR POLICE STATION, SACRED HEART SCHOOL",19.073911,72.837501
KHAR STATION (W) ROAD,19.070559,72.837418
MAHIM MACHHIMAR NAGAR,19.046334,72.843763
TATA COLONY (BANDRA-E),19.061925,72.856616
MAHIM PHATAK,19.044618,72.844629
MAHIM STATION (W),19.039181,72.84696
MAHIM BUS STATION,19.043143,72.841903
MAHIM (PARADISE),19.040388,72.84138299999999
MOTI MAHAL (BANDRA-W),19.059399,72.83264699999999
"MOUNT CARMEL CHURCH, LILAVATI HOSPITAL",19.050903,72.827448
OLD KHAR,19.066159,72.83733599999999
PALI HILL NAKA (GURU NANAK ROAD),19.060282,72.829521
PARIJAT,19.051095,72.830241
PETIT GIRL S SCHOOL (KHAR-W),19.070641,72.825855
RIZVI COLLEGE (BANDRA-W),19.068715,72.822901
SISTERS BUNGALOW,19.04873,72.821179
SHITALADEVI TEMPLE (MAHIM),19.033622,72.842271
ST.XAVIERS TECHNICAL INSTITUTE (MAHIM),19.044678,72.83986899999999
TOBACCO COMPANY,19.049746,72.82645100000001
BANDRA STATION (E),19.054996,72.84204699999999
BANWARI COMPOUND,19.046546,72.85104
BHARAT NAGAR (BKC),19.061638,72.859258
"GANDHI NAGAR  (BANDRA-E), CHETANA COLLEGE",19.060249,72.84771499999999
BHARAT NAGAR (BANDRA-E),19.065186,72.854619
DHARAVI PUMPING STATION,19.047148,72.86143300000001
G.S COLONY (BANDRA-E),19.063682,72.847751
ICICI BANK (BKC),19.064891,72.861527
KALA NAGAR (BANDRA-E),19.0534,72.84695000000001
KHERWADI (BANDRA-E),19.060375,72.84665099999999
LAXMI TOWER (BKC),19.063817,72.86396000000001
PATTHAR NAGAR,19.063777,72.855504
RESERVE BANK OF INDIA (BKC),19.057894,72.85311299999999
SUBHASH NAGAR (BANDRA-E),19.066058,72.847911
"CARDINAL GRACIAS SCHOOL, TEACHER S COLONY",19.067746,72.846484
INCOME TAX OFFICE (BKC),19.05916,72.854519
BANDRA COLONY,19.0623,72.84852100000001
BANDRA BUS STATION,19.055766,72.844877
DIAMOND BOURSE (BKC),19.066511,72.865906
"KHAR, 14TH ROAD",19.072336,72.832932
"16TH ROAD, KHAR",19.073247,72.83081199999999
"DR.AMBEDKAR COLONY, 18TH ROAD KHAR",19.073833,72.829083
"MUNICIPAL GARDEN, BAND STAND (BANDRA-W)",19.046362,72.819614
BANDRA (W) BUS STATION,19.054001,72.83976699999999
GENERAL ARUN KUMAR VAIDYA MARG JUNCTION (GOREGAON-E),19.177102,72.858665
ADARSH NAGAR NAKA (AAREY COLONY),19.15085,72.8822
CENTRAL DAIRY (AAREY COLONY),19.154211,72.878975
ADARSH NAGAR (KURAR VILLAGE),19.187692,72.86328899999999
APPAPADA,19.189709,72.866635
ASHOK HOSPITAL,19.188317,72.849929
BANDONGRI,19.199228,72.861
BIMBISAR NAGAR,19.146276,72.855822
NIMBORPADA,19.16424,72.882431
N.S.C COMPOUND (GOREGAON-E),19.149619,72.85659
PATHANWADI,19.178285,72.85823600000001
PERU BAUG,19.166149,72.85234
PRAVASI INDUSTRIAL ESTATE,19.17195,72.854038
R.B.I COLONY (GOREGAON-E),19.172202,72.86991500000001
"MODERN BAKERY, RESERVIOR",19.144634,72.877791
SAI GARDEN (KANDIVALI-E),19.199713,72.873666
SHREE SAIBABA COMPLEX (GOREGAON-E),19.168669,72.86745500000001
SAMANA PARIWAR (MALAD-E),19.176126,72.876093
SAMBHAJI NAGAR (KANDIVALI-E),19.200746,72.863091
SANTOSH NAGAR (DINDOSHI),19.169115,72.875507
SATPUDA SOCIETY,19.169985,72.881401
STATE BANK COLONY (MALAD-E),19.180542,72.854327
TRIVENI NAGAR,19.181965,72.863986
AAREY UNIT NO.2 & 3,19.164938,72.867485
AAREY UNIT NO.10 (CENTRAL DAIRY),19.157797,72.868909
AAREY UNIT NO.13 (CENTRAL DAIRY),19.156154,72.865741
OLD PUSHPA PARK,19.188664,72.856385
"VANRAI, MHADA COLONY",19.153992,72.857072
WAGHESHWARI MANDIR,19.175727,72.873165
"VIRWANI ESTATE, SARVODAYA NAGAR",19.169794,72.859734
DAMU NAGAR (EXTENSION),19.2043333,72.8785333
DHIRAJ VALLEY SOCIETY,19.168345,72.86929000000001
DINDOSHI BUS STATION,19.175995,72.86573
DOORDARSHAN COLONY,19.169213,72.871172
DR.SUCHAK CHOWK,19.187549,72.85006300000001
DADASAHEB PHALKE CHITRANAGRI,19.163276,72.887593
GAUTAM NAGAR (KANDIVALI-E),19.200194,72.878372
GOREGAON CHECK NAKA NO.1,19.16645,72.85630399999999
GOREGAON STATION (E),19.165019,72.851114
GROVEL COMPANY,19.201594,72.860457
HANUMAN NAGAR (KANDIVALI-E),19.201227,72.86614299999999
HIRA PARK,19.186345,72.860347
JAGAT SATGURU INDUSTRIAL ESTATE,19.170234,72.85436199999999
KANDIVALI BUS STATION (E),19.201816,72.853515
DESAI MUNICIPAL HOSPITAL,19.178579,72.85111499999999
MAHANANDA DAIRY,19.149574,72.856115
"MAROSHI NAKA, PICNIC POINT",19.136442,72.881854
MUNICIPAL COLONY SECTOR -B (GOREGAON-E),19.173462,72.87758700000001
NARSIPADA,19.201389,72.864993
KURLA S.T.DEPOT,19.056771,72.88440900000001
SHANTI NAGAR (WADALA-E),19.020134,72.874908
TATA COLONY (CHUNABHATTI),19.052864,72.874702
THAKKAR BAPPA COLONY (KURLA-E),19.057667,72.88668
UMARSHI BAPPA CHOWK,19.053855,72.888306
VASHI NAKA (CHEMBUR),19.032763,72.89644699999999
WADALA ROAD (MAHUL),19.021378,72.89014400000001
NEHRU NAGAR (KURLA-E),19.06352,72.885385
VISHNU NAGAR,19.0228,72.902682
BHAKTI BHAVAN (CHEMBUR),19.052203,72.891442
ADARSH NAGAR,19.145384,72.83107
AMBOLI NAKA,19.128245,72.84143400000001
ANDHERI STATION (W),19.119792,72.845983
ANDHERI MARKET,19.122898,72.844517
DHAKE COLONY,19.127753,72.83289600000001
"RTO, ANDHERI",19.1327,72.830395
FOUR BUNGALOWS,19.131116,72.82548300000001
VERSOVA VIEW,19.125044,72.82467
GREEN PARK,19.152819,72.830285
ACHARYA VIDYANIKETAN (MAHUL),19.027684,72.890816
ANIK DEPOT,19.04665,72.878201
CHEMBUR COLONY,19.044515,72.89324999999999
BASANT PARK,19.049918,72.89350399999999
BHAKTI PARK GATE (ANIK),19.033009,72.879547
BHARAT PETROLEUM (MAHUL),19.013801,72.898297
JIJAMATA NAGAR (MAHUL),19.028171,72.888412
CALICO CHEMICALS,19.022148,72.897904
"CHEMBUR NAKA, SWAMI VIVEKANAND CHOWK",19.053947,72.893446
EVERARD NAGAR,19.050949,72.87517800000001
GADKARI QUARRY,19.019748,72.907764
GANESH NAGAR (WADALA),19.018052,72.86774800000001
GAWANGAON REFINERIES,19.009971,72.898374
LUBE INDIA COMPANY,19.0071,72.90413100000001
KURLA BUS STATION (E),19.0644333,72.8801833
MAHUL MARKET,19.015388,72.890412
MARAWALI CHURCH,19.040884,72.894031
PRIYADARSHINI (CHUNABHATTI),19.052433,72.8793
R.C.F. (CHEMBUR),19.033736,72.889607
JOE & HELEN D MELLO GARDEN,19.129898,72.842393
JANKIDEVI VIDYALAYA,19.139911,72.82085600000001
AAI TULJABHAVANI CHOWK,19.142248,72.829162
MACHHALIMAR (VESAVA),19.133264,72.811936
BANK OF MAHARASHTRA (ANDHERI-W),19.140873,72.825807
MILLAT NAGAR,19.14933,72.828557
MADH MARKET,19.141286,72.78997099999999
MADH SONAPUR,19.141987,72.796329
MADH TEMPLE,19.140672,72.791093
ASMITA JYOTI,19.196713,72.82754
"DHARAN TALAO, ASHTAGANDHA SOCIETY",19.010831,73.016417
VITTHAL MANDIR (KANDIVALI-W),19.200398,72.826358
MALATI COTTAGE,19.163184,72.78954899999999
MALVANI AKASHWANI,19.196384,72.81099500000001
"MALVANI VILLAGE, MALVANI CHURCH",19.196419,72.808789
"MALVANI DEPOT, GAIKWAD NAGAR",19.183635,72.819136
MARVE BEACH-ESSEL WORLD,19.198958,72.798812
MARVE VILLAGE,19.194956,72.79950100000001
RATHODI,19.196678,72.816577
SHIVAJI NAGAR (MADH),19.141588,72.794467
TOWNSHIP MUNICIPAL SCHOOL (MALVANI),19.196287,72.82481199999999
VYAS WADI,19.147773,72.790734
YOGASHRAM,19.167792,72.79064700000001
ANAND HOSPITAL (DAHISAR),19.2577833,72.85943330000001
ASHIRWAD HOSPITAL,19.256975,72.864923
ASHISH COMPLEX,19.261535,72.861981
ASHOK VAN,19.242404,72.866653
AVDHUT NAGAR,19.2565833,72.8591333
AYYAPA MANDIR,19.275853,72.85986
MAHINDRA COMPANY GATE (B.H.A.D. COLONY),19.205608,72.865646
GOLDEN NEST(BHAYANDER),19.294525,72.85716600000001
BHAYANDER STATION (E),19.309817,72.853379
BHAYANDER PADA,19.283369,72.95230100000001
BORIVALI (E) STATION,19.229354,72.85751999999999
OSHIWARA POLICE STATION,19.148023,72.831429
PICNIC COTTAGE (VERSOVA),19.130863,72.813982
RAMESH NAGAR (ANDHERI-W),19.132049,72.842952
"R.T.O. (ANDHERI-W), NEW VIKAS HOUSING SOCIETY",19.131965,72.825767
SEVEN BUNGALOWS BUS STATION,19.131377,72.81992200000001
SEVEN BUNGALOWS GARDEN,19.129212,72.81733800000001
SHREE SWAMI SAMARTH NAGAR,19.139237,72.825514
SHREE SWAMI SAMARTH NAGAR MARKET,19.144954,72.823599
VEERA DESAI ROAD,19.134738,72.83758
VESAVA-YARI ROAD BUS STATION,19.1395167,72.8081667
AKSA BEACH,19.173562,72.797325
BAFIRA NAGAR,19.197602,72.82057
BHUMI COMPLEX,19.200702,72.821499
DHARIVALI VILLAGE,19.169721,72.795931
RAVIKIRAN SOCIETY,19.180281,72.816762
"FIRE BRIGADE, KHARODI COLONY",19.195318,72.822064
I.N.S.HAMALA (MAIN GATE) MARVE,19.191929,72.79851499999999
"AMBEWADI, MITH CHOWKY (MALAD-W)",19.196718,72.833797
"MADH BEACH, MADH CHURCH",19.144592,72.79022399999999
MERCURY BUILDING,19.210148,72.875011
MAIN PUMP HOUSE (AAREY COLONY),19.139603,72.880303
MIRA ROAD STATION (E),19.281616,72.857935
SUHASINI PAWASKAR MARG (DAHISAR-E),19.253386,72.871306
NOVELTY SILK MILL (DAHISAR-E),19.254364,72.86493400000001
OMKARESHWAR MANDIR,19.230216,72.863502
RAJENDRA NAGAR,19.251527,72.864717
RAJSHIV BUILDING,19.243714,72.867299
SAMATA NAGAR (KANDIVALI),19.205825,72.869266
SARASWATI COMPLEX (DAHISAR),19.2640667,72.8599833
SHAKTI NAGAR,19.2598,72.8620167
"SHREEKRISHNA NAGAR, SHANTIVAN (BORIVALI -E)",19.233549,72.86412799999999
SHITAL GARDEN (MIRA ROAD),19.283498,72.864346
SHEETAL SAROVAR (MIRA ROAD),19.282036,72.86799999999999
SIDDHARTH NAGAR,19.215404,72.871061
SILVER PARK (MIRA ROAD),19.282012,72.873946
SUDHINDRA NAGAR,19.25915,72.8602333
THAKUR COMPLEX (KANDIVALI-E),19.208634,72.864313
JIVALA PADA,19.214635,72.869883
CORPORATION BANK (DAHISAR-E),19.259747,72.863
DAHISAR STATION ROAD (E),19.248608,72.86250200000001
DHOBI GHAT (BORIVALI-E),19.2319333,72.8659667
GAIMUKH (GHODBUNDER RD),19.285021,72.93620300000001
"GANESH NAGAR (DAHISAR), GOKUL ANAND HOTEL",19.246197,72.864729
GARTAN PADA,19.252306,72.868274
GHODBUNDER VILLAGE,19.29173,72.889335
GODDEV NAKA,19.304183,72.85872999999999
GREEN LAWN ACADEMY,19.278798,72.87891399999999
HITCO,19.280198,72.876468
JAIN MANDIR (GHODBUNDER RD),19.285257,72.900013
JAMMU & KASHMIR BANK,19.280394,72.87076999999999
KAJUPADA (GHODBUNDER ROAD),19.279102,72.922685
KAJUPADA (BORIVALI -E),19.2338833,72.8695333
KASHIMIRA,19.272983,72.883464
KOKANI PADA (BORIVALI -E),19.247402,72.870531
SHREE KOTESHWARI MANDIR,19.214002,72.868818
MAGATHANE DEPOT,19.220587,72.865933
JAI MAHAKALI MANDIR,19.241427,72.864019
MANAV KALYAN KENDRA,19.24578,72.861058
FISH MARKET,19.247916,72.869018
E.S.I.S HOSPITAL (THAKUR VILLAGE),19.208154,72.877223
V MALL,19.212276,72.86757299999999
VAISHALI NAGAR (DAHISAR-E),19.250948,72.873385
VITTHAL RAKHUMAI MANDIR (DAHISAR-E),19.257336,72.86544600000001
VICEROY PARK,19.211719,72.873165
SAMATA NAGAR BUS STATION (KANDIVALI-E),19.206152,72.869564
MATUNGA STATION (W),19.030437,72.847362
KUMBHARWADA (DHARAVI),19.037469,72.85475099999999
MATUNGA LABOUR CAMP,19.038416,72.853221
DHARAVI POLICE STATION,19.043623,72.857625
KAMRAJ VIDYALAYA (DHARAVI),19.041255,72.855746
LOKMANYA TILAK HOSPITAL (SION),19.037725,72.861125
AGHADI NAGAR,19.127054,72.859218
GOREGAON CHECK NAKA NO.2,19.126025,72.87963499999999
"DATTA TEKDI, SHIV TEKDI",19.139422,72.860884
"DR.AMBEDKAR UDYAN, CHEMBUR STATION",19.062333,72.900369
DURGA NAGAR (JOGESHWARI-E),19.138217,72.872129
GREEN FIELDS,19.139526,72.869315
"GUNDAVALI, LION S CLUB",19.121288,72.856228
GURUDWAR CHOWK (ANDHERI-E),19.125682,72.862745
HEMA INDUSTRIAL ESTATE,19.131744,72.862865
HOLY SPIRIT HOSPITAL (ANDHERI-E),19.126597,72.86699299999999
INCOME TAX COLONY (JOGESHWARI-E),19.13121,72.86075599999999
JOGESHWARI STATION-E,19.135224,72.84995499999999
JOHN BACKER,19.114926,72.888954
KALPATARU ESTATE (MAJAS),19.139715,72.867499
L & T GATE NO.6 (POWAI),19.124214,72.892743
MILIND NAGAR (POWAI),19.126472,72.889985
NAMASKAR,19.138497,72.870789
NITIE (POWAI),19.134949,72.899839
CHINAI COLLEGE,19.123219,72.851094
P.M.G.P COLONY (MAJAS),19.134503,72.87005000000001
"PARSI PANCHAYAT(ANDHERI-E),  DHOBI GHAT",19.124755,72.851445
PRATAP NAGAR (JOGESHWARI-E),19.140865,72.85673800000001
RAMADA HOTEL (POWAI),19.136358,72.899477
RAMWADI (JOGESHWARI-E),19.140288,72.858621
"BALASAHEB THACKERAY TRAUMA CENTRE, S.R.P. CAMP",19.14184,72.854742
SANJAY NAGAR (JOGESHWARI-E),19.136935,72.85568600000001
SARIPUT NAGAR,19.132012,72.874889
SEEPZ VILLAGE,19.130017,72.878198
DAHISAR STN (E),19.249628,72.86058
GOLDEN CHEMICALS (DAHISAR-E),19.262101,72.87350000000001
MATUNGA STATION (E),19.027583,72.85123299999999
MAHESHWARI UDYAN (KINGS CIRCLE),19.027468,72.85545999999999
"JAGATDEV N.VARMA CHOWK, KAPOLE NIWAS",19.02407,72.85288799999999
MATUNGA RAILWAY PHATAK (E),19.032644,72.854298
RANI LAXMIBAI CHOWK (SION),19.041033,72.862652
CHUNABHATTI,19.051542,72.867206
MATUNGA POLICE STATION (KINGS CIRCLE STATION),19.030586,72.857747
BMC WARD OFFICE,19.031633,72.85445
"DHARAVI T JUNCTION, TAPASE CHOWK",19.047586,72.852531
N.C.P.A.,18.926542,72.820275
TARAPOREWALA AQUARIUM,18.94845,72.819896
M.M.R.D.A. PAY & PARK (BKC),19.061801,72.861253
TATA COLONY (BKC),19.060544,72.85803300000001
"DR.AMBEDKAR ROAD, KHAR",19.070138,72.82936100000001
G.D.SOMANI SCHOOL,18.916098,72.81920100000001
PHANASWADI,18.952744,72.824611
CITI BANK (BKC),19.068833,72.86774800000001
MARATHA COLONY,19.075091,72.846565
"CHARKOP SECTOR 9, AKSHARA VIDYALAYA",19.219735,72.819486
KORA KENDRA,19.220164,72.852448
SAHYADRI NAGAR (CHARKOP),19.210283,72.82874700000001
SAIBABA MANDIR (KANDIVALI-W),19.217736,72.828598
SATYA NAGAR,19.216525,72.841399
KALA VIDYALAYA,19.181679,72.813671
SAI SHRADDHA SHOPPING COMPLEX (MALVANI),19.178565,72.81645899999999
"MALVANI BLOCK NO.5, POLICE STATION",19.191966,72.821972
KHAR TELEPHONE EXCHANGE,19.070232,72.834264
PALI MARKET,19.062053,72.829519
PERI CROSS ROAD,19.059934,72.82368700000001
SHERLEY VILLAGE,19.071181,72.82208199999999
JOHN BAPTIST ROAD,19.047667,72.82555000000001
"AAREY UNIT NO.6, MARKET",19.158048,72.874353
D MONTE GARDEN,19.059683,72.826167
BAMAN PADA,19.104378,72.858548
CHANDIVALI JUNCTION,19.111682,72.888329
"GUJRAT SOCIETY, DAYALDAS ROAD",19.09702,72.851054
"CHANDIVALI STUDIO, PETROL PUMP",19.114603,72.895769
MAROL PIPELINE,19.110916,72.872191
ABHYUDAYA BANK,19.226147,72.857513
N.L.COMPLEX JUNCTION (DAHISAR-E),19.259504,72.864997
NENSEY COLONY,19.238328,72.864439
KURAR VILLAGE,19.184989,72.858603
RAMESH HOTEL(MALAD-E),19.187075,72.861904
SANGITA TALKIES,19.189999,72.851725
"AAREY HOSPITAL, MUNICIPAL SCHOOL",19.14832,72.876563
"TRACTOR GATE NO.3, VASA HOSPITAL",19.200697,72.872429
KOKANI PADA (MALAD-E),19.184287,72.86387999999999
"AAREY POLICE STATION, CHHOTA KASHMIR",19.16251,72.871308
SMALLSCALE INDUSTRIES,19.160975,72.857125
TAPOVAN (PATHANWADI),19.179984,72.859471
"LOKSHAHIR SATHE UDYAN, SUMAN NAGAR",19.053573,72.884439
SHANKAR MANDIR (MAHUL),19.029267,72.89699899999999
PARSIWADA (CHAKALA),19.108785,72.855637
SAHAR CARGO COMPLEX,19.097326,72.86536599999999
DOMESTIC AIRPORT TERMINAL 1-A,19.093409,72.85571299999999
VILE PARLE POLICE STATION (E),19.096118,72.854257
WOOD HOUSE (COLABA),18.91527,72.824224
FIVE GARDENS,19.019735,72.854544
K.V.YADAV CHOWK,18.999065,72.827973
HIGHWAY APARTMENT (SION),19.04801,72.868168
EVEREST SOCIETY (KURLA-E),19.061336,72.890973
MAHUL VILLAGE,19.014024,72.890365
CHILDRENS HOME,19.042727,72.928667
"AROGYA HOSPITAL, D MART",19.01907,73.015754
GAVDEVI CHOWK (SARSOLE),19.043137,73.01478400000001
"R.C.F.COLONY (CHEMBUR), GOLF CLUB",19.046125,72.89865500000001
JUHU VILLAGE (NAVI MUMBAI),19.086685,73.002949
KALAMBOLI COLONY,19.02206,73.10057
KOPAR KHAIRANE,19.10937,73.001852
NARMADESHWAR MANDIR,19.040868,72.939772
NERUL GYMKHANA,19.026306,73.015833
Y.B.CHAVAN MARG JUNCTION (VASHI),19.067796,72.997471
RAM BAUG (GOREGAON-W),19.163362,72.84399500000001
AAREY UNIT NO.32,19.164027,72.870262
BPCL SPORTS CLUB,19.027884,72.896002
AZAD NAGAR (ANDHERI),19.130717,72.83757300000001
GANGA BHAVAN,19.135034,72.81034699999999
HIGHLAND GARDEN,19.145618,72.828836
JEEVAN NAGAR,19.1313,72.83134699999999
AMIRA APARTMENTS,19.18113,72.816638
J.J.HOSPITAL NURSING SOCIETY (MADH),19.185135,72.79769400000001
KHARODI VILLAGE,19.196354,72.818431
MADH JETTY,19.14454,72.80198300000001
MARSHAL WADI,19.180302,72.797765
ANAND NAGAR (DAHISAR),19.258167,72.864665
SEAWOOD DARAVE RAILWAY PHATAK,19.023443,73.01513799999999
SHIVAJI CHOWK (KHARGHAR SECTOR 8),19.043457,73.06743299999999
TATA PRESS (NERUL),19.039158,73.02886100000001
VIVEKANAND SCHOOL (JUI NAGAR),19.062959,73.013166
CRISIL HOUSE,19.117336,72.910651
DAHISAR CHECK NAKA,19.258568,72.871837
"MAHAVISHNU, SAMRAT HOTEL",19.265219,72.87536299999999
AKSA VILLAGE,19.176516,72.79762599999999
JANKALYAN NAGAR,19.199796,72.818618
"JANTA COLONY, SHIV MANDIR",19.200132,72.83387999999999
MALVANI BLOCK NO.6,19.1892,72.819788
RETREAT HOTEL (MADH),19.153896,72.78917800000001
"HEMGIRI SOCIETY, GANESH MANDIR",19.235627,72.864098
MAGATHANE TELEPHONE EXCHANGE,19.216034,72.867048
GHATKOPAR POST OFFICE,19.087468,72.90590899999999
HIRANANDANI GARDEN (POWAI),19.116215,72.909302
MILIND NAGAR (BHANDUP-W),19.158446,72.93207700000001
RAJASHREE CINEMA,19.250967,72.863709
"MUNICIPAL MARKET, SAIBABA MANDIR-(BORIVALI -E)",19.241357,72.86860299999999
DAHISAR BUS STATION,19.258985,72.873549
LOHA BHAVAN,18.952006,72.841313
NAVY NAGAR (COLABA),18.90748,72.808967
SANDHURST ROAD STATION,18.96084,72.838819
WADI BUNDER,18.957508,72.84203100000001
"RAJA SHIVAJI HIGH SCHOOL, HINDU COLONY (DADAR-E)",19.021402,72.847114
"MAHARASHTRA NATURE PARK, P.M.G.P COLONY (DHARAVI)",19.051801,72.86169599999999
DATTA MANDIR (INCOME TAX COLONY),19.13131,72.862343
MORARJI NAGAR (POWAI),19.133783,72.897548
SHANKARWADI (JOGESHWARI-E),19.129581,72.85550000000001
GHATKOPAR BUS STATION,19.088004,72.918272
ODEON CINEMA,19.079438,72.91068199999999
PANT NAGAR,19.083567,72.914063
KALAKILLA,19.048014,72.85915199999999
TANK BUNDER,18.98895,72.846215
HINDUSTAN PETROLEUM (REAY ROAD),18.981259,72.855755
NEW AGRIPADA,18.976281,72.827298
CENTRAL LABOUR INSTITUTE,19.049102,72.86584000000001
KALBADEVI,18.946884,72.82885
MANDVI POST OFFICE,18.956129,72.83263100000001
RAILWAY ACCIDENT COURT,18.943729,72.839258
JOGESHWARI VIKHROLI LINK ROAD (KANJURMARG-E),19.12493,72.938755
DR.AMBEDKAR STATUE (FORT),18.927055,72.829644
"I.E.S SCHOOL, (J.V.L.R)",19.128431,72.887247
M.H.B.COLONY (JOGESHWARI-E),19.133768,72.862883
"SEEPZ VILLAGE, RELIANCE ENERGY TRAINING CENTRE",19.129504,72.882418
PETIT HALL,18.955235,72.798631
JUHU KOLIWADA,19.085956,72.82806600000001
JUHU TARA ROAD,19.090066,72.827597
RAMKRISHNA MISSION (KHAR-W),19.076014,72.834231
NIRMAN BHAVAN,18.963546,72.846518
R.C.CHURCH,18.900202,72.81389900000001
DNYANESHWAR NAGAR,19.005406,72.85384999999999
PT.PALUSKAR CHOWK,18.954409,72.815656
MOTILAL NAGAR POST OFFICE,19.159095,72.84049
SEEPZ BUS STATION,19.124594,72.87267799999999
SHIVAJI CHOWK (ANDHERI-E),19.111952,72.849239
"ISHWAR NAGAR, BHANDUP (W)",19.144425,72.93444599999999
SHETTY VIDYALAYA (POWAI),19.115636,72.905985
GOREGAON POLICE STATION,19.156985,72.845834
CHARAT SINGH COLONY,19.11122,72.864512
NAVJEEVAN SOCIETY (KURLA-W),19.077873,72.880228
JUHU HOTEL,19.105171,72.82708100000001
AIR INDIA QUARTERS,19.080244,72.868692
VAKOLA MASJID,19.081565,72.85512199999999
KIDWAI NAGAR,19.008767,72.85418
SEWREE STATION (W),18.998458,72.853227
SEWREE STORE,18.987583,72.85686200000001
"ORDNANCE DEPOT, REAY ROAD (E)",18.981356,72.852355
SAHARA (GOREGAON-W),19.15403,72.845332
NEW SIDDHARTH NAGAR (GOREGAON-W),19.1592167,72.8390833
HILL ROAD GARDEN,19.05287,72.824054
"VILE PARLE STATION (E), DINANATH NATYAGRUH",19.100629,72.844618
LOKMANYA TILAK NAGAR (ASALPHA),19.101601,72.89035699999999
SANGHARSH NAGAR (CHANDIVALI),19.107911,72.901113
CHANDIVLI JUNCTION,19.111339,72.888245
SIDDHIVINAYAK MANDIR (PRABHADEVI),19.01907,72.83171900000001
MUNICIPAL GARAGE (WORLI),18.995337,72.81903
DURGA PARMESHWARI MANDIR,19.219302,72.833409
AUGUST KRANTI MAIDAN,18.963005,72.810568
CUMBALA HILL POST OFFICE,18.969364,72.808796
GODREJ CHOWK (KEMPS CORNER),18.96388,72.80853500000001
RIZVI COMPLEX (CARTER ROAD),19.066538,72.822884
KHERWADI POLICE STATION,19.064794,72.85019200000001
"AMARNATH PATIL SPORT COMPLEX, BANGANGA",19.050819,72.914348
BANUBAI TANDEL MARKET,19.014182,73.01657
GODREJ COMPANY (VIKHROLI-W),19.104194,72.921299
DEONAR BEST STAFF QUARTERS,19.047196,72.91405399999999
NERUL NAKA,19.04598,73.024513
PUSHPA HERITAGE (KANDIVALI-W),19.210675,72.838722
SHIMPAVALI TELEPHONE EXCHANGE,19.223228,72.840805
AMBASSADOR HOTEL (SAHAR),19.103176,72.875227
EKTA SOCIETY,19.1065,72.87506399999999
NOORBAUG,18.962419,72.836434
"FIRE BRIGADE, KRISHI UDYOG",19.165379,72.864833
ANDHERI FIRE BRIGADE,19.112155,72.84147400000001
DAIRY RESEARCH INSTITUTE,19.152327,72.867234
RADHA MAHESHWARI CHOWK,19.183701,72.85032200000001
PANDURANG WADI,19.173836,72.850662
"VADAVALI VILLAGE, BORLA SOCIETY",19.046045,72.900812
DHOBI GHAT (TROMBAY),19.035457,72.946746
BABU GENU MARKET,19.095788,72.904167
MHADA COLONY (HIRANANDANI-POWAI),19.115229,72.90514899999999
DEONAR VILLAGE,19.050251,72.919782
MAROL MAROSHI BUS STATION,19.118066,72.880171
"E.S.I.S HOSPITAL, MIDC POLICE STATION",19.117952,72.867901
JUHU PRABHAT (ANDHERI-E),19.118235,72.828981
JUHU BUS STATION,19.107899,72.826718
METRO PLAYING CARDS,19.073785,72.869028
DINDOSHI SESSION COURT,19.175706,72.867137
JAGRUTI NAGAR (GHATKOPAR-W),19.092047,72.90174500000001
JANATA MARKET (BHANDUP-W),19.142735,72.93303899999999
MINILAND SOCIETY (BHANDUP-W),19.146864,72.933504
"TEMBIPADA PIPE LINE, POLICE STATION (BHANDUP)",19.155075,72.929159
"SHIV DARSHAN, TERESA ROAD (BHANDUP-W)",19.149329,72.92724
ANKUR HOSPITAL,19.13129,72.935636
KALAMBOLI,19.02617,73.101913
MAHALAXMI MANDIR (DEONAR),19.046863,72.91965
R.B.I COLONY (CHEMBUR-E),19.051105,72.90333699999999
SARSOLE BUS STATION,19.039993,73.014697
SHANTARAM PATIL CHOWK (VASHI),19.072492,73.00260299999999
TALOJA PHATA,19.03246,73.086187
URAN PHATA,19.034107,73.029372
MILITARY CAMP (KALINA),19.081901,72.858238
NATASHA TOWER,19.126388,72.821551
MARATHI VIDNYAN PARISHAD (CHUNABHATTI),19.053309,72.878834
POSTAL COLONY (CHEMBUR),19.061445,72.89338600000001
S.G.BARVE MARG NAKA (KURLA-E),19.057035,72.888115
VINAY HIGH SCHOOL,19.030786,72.90030400000001
DERASAR LANE,19.081822,72.90764
MANSUKH DYEING COMPANY,19.129483,72.93363100000001
SOMAIYA COLLEGE (VIDYAVIHAR-E),19.074666,72.903167
VIDHAN BHAVAN,18.925326,72.82463300000001
MAHARASHTRA NAGAR (BHANDUP-W),19.139871,72.928382
SARVODAYA HOSPITAL (GHATKOPAR-W),19.092347,72.90853
ST.JOSEPH TECHNICAL SCHOOL,19.080885,72.888532
DHANMILL NAKA,19.008219,72.830787
SHAHAJIRAJE SPORTS COMPLEX (ANDHERI-W),19.127736,72.837537
FOUR BUNGALOWS MARKET,19.127926,72.82540899999999
NANA-NANI PARK (VERSOVA),19.127407,72.818861
NAVRANG TALKIES (ANDHERI-W),19.124342,72.841313
SINDHI COLONY (JOGESHWARI-W),19.144001,72.84219299999999
K.C.COLLEGE,18.92765,72.82810600000001
MAKER TOWER,18.916232,72.817616
WALKESHWAR,18.946587,72.79615099999999
MEHRABAD BAUG,19.1438,72.83900800000001
MADINA MANZIL (MALAD-W),19.172035,72.845225
POLICE COLONY (WORLI),19.004387,72.8168
RAGHUVANSHI MILL,18.99169,72.82395200000001
SHARDASHRAM VIDYAMANDIR,19.015279,72.836984
UTPAL SANGHAVI SCHOOL,19.11267,72.82820599999999
D SOUZA NAGAR,19.0958,72.88768899999999
600 TENAMENT GATE,19.054371,72.921035
SHATABDI HOSPITAL (DEONAR),19.049508,72.91014
GOVANDI STATION ROAD (W),19.055995,72.915154
SHIVAJI NAGAR DEPOT,19.066342,72.928482
"AIROLI SEWERAGE PLANT, PREMDAN",19.154849,72.993184
AIROLI SECTOR 16,19.149917,72.992755
AIROLI SECTOR 17,19.152004,72.992822
AIROLI SECTOR 5,19.148136,72.998734
POST & TELEGRAPHS (MULUND-W),19.171284,72.943417
PARSIK NAGAR,19.205744,73.008342
PAWAR NAGAR (THANE),19.2284667,72.96778329999999
"SHIVAJI CHOWK, KALWA NAKA",19.196136,72.987763
VRINDAVAN SOCIETY (THANE),19.208188,72.982658
WAGLE WARD COMMITTEE OFFICE,19.187727,72.955338
MHADA COLONY BUS STATION (MULUND-E),19.169433,72.96805000000001
KHAR DANDA,19.074488,72.822687
MAHIM KOLIWADA,19.045888,72.838548
ALIKA NAGAR JUNCTION,19.197734,72.872602
LASHYACHANDI SOCIETY,19.172113,72.871199
VILE PARLE SUBWAY,19.091939,72.845879
GANDHI MAIDAN (WORLI),19.00166,72.819053
"JAKHADEVI, DADAR POLICE STATION",19.015015,72.83429599999999
KASTURBA GANDHI HOSPITAL (SAATRASTA),18.983807,72.82930500000001
ANAND NAGAR (KOPRI) POLICE CHOWKY,19.17357,72.968278
ANNABHAU SATHE CHOWK (THANE),19.200736,72.949157
ATRIA SOCIETY,19.245497,72.982294
BALKUM NAKA,19.221485,72.989555
BHANDUP PUMPING CENTRE,19.154997,72.95582400000001
DR.K.B.HEDGEWAR CHOWK,19.163903,72.937181
BRAHMAND AZAD NAGAR,19.239463,72.980637
BRAHMAND PHASE-3,19.241153,72.981521
MALAD DEPOT,19.184098,72.83511900000001
MALAD STATION (W),19.187963,72.847286
MOVIE TIME CINEMA (MALAD-W),19.188985,72.83503
MARIAMMAN MANDIR,19.189104,72.83714999999999
AJARA BANK,19.23114,72.825069
BABHAI NAKA,19.228545,72.84848599999999
BORIVALI (W) BUS STATION,19.231675,72.856882
NAGRI NIWARA VIDYALAYA,19.174989,72.87813800000001
"SHIVSHAHI PRAKALP, MANTRI PARK",19.167709,72.88145900000001
H.P. NAGAR (MAHUL),19.027667,72.89289599999999
GOPIKRISHNA PIRAMAL HOSPITAL,18.998332,72.825267
WORLI SEA FACE (N),19.016205,72.818376
"HANUMAN MANDIR (DADAR-W), D SILVA SCHOOL",19.020088,72.840932
CADBURY JUNCTION (THANE),19.203934,72.968546
DHANVANTARI HOSPITAL,19.176163,72.953418
AIROLI SECTOR 9,19.148236,72.993487
"DIVA VILLAGE, SECTOR 8",19.148263,72.994704
DNYAN SARITA (THANE),19.202669,72.949442
DONGARI PADA,19.250856,72.97322800000001
DUNCAN COMPANY,19.168149,72.93928099999999
GARIB NAGAR,19.27196,72.963555
KALPANA CHAWLA CHOWK (BORIVALI -W),19.240983,72.846233
PRASANNA JEEVAN SOCIETY,19.230107,72.847724
RAMESHWAR BANK (BORIVALI -W),19.224682,72.84077499999999
ANTOP HILL POLICE STATION,19.031068,72.863257
BOROSIL GLASS FACTORY,19.117471,72.88331700000001
GAWANPADA FIRE BRIGADE (MULUND-E),19.17245,72.96652899999999
E.S.I.S.HOSPITAL (MULUND),19.179514,72.94563100000001
HANUMAN CHOWK (MULUND-E),19.170237,72.95909399999999
HARI NIWAS (THANE),19.191711,72.968536
HIGHLAND PARK (MULUND-W),19.169982,72.93221699999999
HINDUSTAN CHOWK (MULUND-W),19.176903,72.938596
"NIRMAL LIFE STYLE, HOECHST COMPANY",19.16589,72.93839699999999
JAY SHASTRI NAGAR,19.171446,72.933966
HINDUSTAN COMPANY (VIKHROLI-W),19.121865,72.925392
BARKAT ALI DARGAH,19.019976,72.865685
JAIN SOCIETY (SION),19.039677,72.861751
ANTOP HILL,19.026282,72.866822
SHIVAJI NAGAR (GOVANDI) POST OFFICE,19.062429,72.92128099999999
BHATI VILLAGE,19.158618,72.78616
"KAMAL BAUG, 14TH BUNGALOWS -(MADH)",19.155828,72.787893
CHENA BRIDGE,19.275703,72.916151
SHYAM NAGAR (MAJAS),19.138954,72.863517
TOLANI COLLEGE,19.128846,72.865148
TOLANI NAKA,19.129966,72.86548999999999
VIHAR LAKE,19.139637,72.898117
ATMARAM TOWER,19.245852,72.845297
BEST OFFICER QUARTERS (GORAI),19.225437,72.833946
KADAM PADA (MULUND-W),19.17853,72.94811300000001
KALWA BRIDGE,19.197356,72.983475
KAPUR BAWDI,19.22117,72.977981
KASARVADAVALI,19.269755,72.96547700000001
KHAREGAON NAKA,19.201833,73.00164700000001
KHOPAT S.T.TERMINUS,19.200717,72.973186
LOKIM COMPANY,19.230186,72.976955
MANPADA,19.235236,72.97631800000001
AIROLI SECTOR 10,19.149041,72.990093
"ASHOK NAGAR (THANE), VILO S SOCIETY",19.222351,72.994091
"BRAHMAND, AZAD NAGAR BUS STATION",19.247648,72.98602099999999
GANDHI NAGAR (THANE),19.2181333,72.9701333
"VEENA NAGAR, GOVARDHAN NAGAR",19.182053,72.94701000000001
KALIDAS NATYAGRUH (MULUND-W),19.173001,72.949197
POUSHMATA MANDIR,19.281111,72.955117
SIDDHARAJ SOCIETY,19.2350833,72.87215
DHARAVI DEPOT,19.051239,72.85798200000001
BHAGWATI HOSPITAL,19.240573,72.854479
BHAKTI PALACE (DAHISAR),19.2559,72.84958
BORIVALI JAIL (W),19.224447,72.854271
BORIVALI TELEPHONE EXCHANGE,19.231802,72.856216
DAHISAR BRIDGE,19.254883,72.856572
MAHARSHI ARVIND CHOWK (MULUND-W),19.175883,72.951536
MADHANI CIRCLE,19.257498,72.97819
"MAHARANA PRATAP CHOWK (MULUND-W), R MALL",19.183671,72.952562
MAHARANA PRATAP CHOWK (MULUND CHECK NAKA-W),19.184312,72.954283
MAJIWADA,19.214313,72.977524
MANISHA NAGAR (KALWA),19.196894,72.990996
MARATHON CHOWK (TEEN HATH NAKA),19.189452,72.963221
"NAHUR VILLAGE, MEHUL CINEMA",19.165891,72.949093
MERIND COMPANY,19.161835,72.94414999999999
MHADA OFFICE (MULUND-E),19.166099,72.965502
LOKMANYA NAGAR (THANE),19.208857,72.951505
MITHAGAR (MULUND-E),19.165431,72.964152
MULUND DEPOT,19.175865,72.947999
MUNICIPAL SCHOOL (MULUND-W),19.180897,72.95386499999999
NAVGHAR ROAD (MULUND-E),19.16787,72.961718
PARSIK SHIV MANDIR,19.203197,73.00469
R.T.O. (THANE),19.199009,72.981193
JOGESHWARI (E) POLICE STATION,19.139419,72.854677
MODEL TOWN (JOGESHWARI-E),19.132696,72.869804
POONAM NAGAR (MAJAS),19.135859,72.870125
AZAD NAGAR (WADALA),19.014405,72.85569599999999
"TATA OIL MILL, HINDUSTAN LEVER LIMITED",18.980907,72.85737899999999
DHARAMSHI HALL,19.226435,72.855268
DON BOSCO SCHOOL (BORIVALI ),19.229688,72.84235099999999
EKSAR VILLAGE,19.237649,72.845398
GANPAT PATIL NAGAR,19.253134,72.84714700000001
GORAI BRIDGE,19.226426,72.827631
GORAI DEPOT,19.232102,72.83151599999999
MODEL TOWN (MULUND-W),19.1846667,72.9443167
MUCHHALA COLLEGE,19.262763,72.968264
MULUND COLONY,19.174617,72.93716999999999
MULUND RAILWAY STATION (W),19.17285,72.95574999999999
"MULUND (E) TOLL NAKA, MHADA COLONY",19.16989,72.967106
RABODI POLICE STATION,19.206047,72.981697
"AIROLI SECTOR 4, SAI CLINIC",19.155553,72.99571299999999
ST.PIUS SCHOOL (MULUND-W),19.166496,72.945033
STANFORD SOCIETY (THANE),19.256378,72.97959400000001
SWASTIK PARK (THANE),19.243411,72.98279599999999
AIROLI TOLL NAKA,19.153217,72.964855
VANDANA CINEMA,19.194069,72.970485
WAGLE ESTATE POST OFFICE,19.185649,72.957887
"MAHARASHTRA NAGAR (KANDIVALI-W), YADAV NAGAR",19.206971,72.83338000000001
TROMBAY,19.033939,72.949871
LIC OFFICERS TRAINING CENTRE (BORIVALI -W),19.24279,72.846954
MAHARASHTRA NAGAR (BORIVALI -W),19.228682,72.851282
MOUNT POINSUR CHURCH,19.244474,72.851975
PEPSI GARDEN,19.229847,72.823339
PRAGATI HIGH SCHOOL (GORAI),19.227352,72.822095
RAJHANS SOCIETY (BORIVALI -W),19.236898,72.85779100000001
RAM MANDIR (BORIVALI -W),19.237194,72.85500500000001
MUNICIPAL HOSPITAL (MULUND-E),19.171999,72.959959
NEW SHAKTI MILL,19.200735,72.975525
VOLTAS,19.2169667,72.97185
OVALE,19.274218,72.96032099999999
"SARVODAYA, PARSHWANATH NAGAR (MULUND-W)",19.164084,72.947249
"M.I.D.C, PASSPORT OFFICE",19.192208,72.955186
PATLI PADA,19.245724,72.97562499999999
MAHARASHTRA NAGAR (THANE),19.2285,72.96813330000001
ADISHAKTI NAGAR (PIPE LINE),19.1853667,72.9463667
CHINCHVALI BUNDER ROAD,19.179347,72.835902
"MARVE ROAD NAKA, SWAMI SHIVANAND CHOWK",19.191468,72.845962
"MITH CHOWKY, KAVI.V.R.KANT CHOWK",19.194604,72.83387500000001
BAINGANWADI,19.058717,72.92511
DEONAR MUNICIPAL COLONY,19.054326,72.923468
DR.AMBEDKAR NAGAR (CHEMBUR),19.063292,72.902734
"KRISHNA BAUG, FINE ARTS SOCIETY (CHEMBUR)",19.060941,72.897604
JAFRI ENGLISH SCHOOL,19.067488,72.92090899999999
NAVJEEVAN SOCIETY (CHEMBUR),19.047533,72.89342000000001
PASCALWADI,19.142693,72.79786900000001
DATTAPADA PHATAK,19.224277,72.856725
"BORIVALI MARKET (E), CARTER ROAD",19.229455,72.860174
SAI AMRUT SOCIETY (DAHISAR-W),19.240647,72.858569
SAIBABA NAGAR (KANDARPADA),19.261313,72.852345
SHIVDHAM (RUSHI COMPLEX),19.253741,72.849677
SUVIDHYA SCHOOL (GORAI),19.229896,72.828703
SWAMI VIVEKANAND VIDYALAYA (BORIVALI -W),19.225914,72.83117900000001
THAKUR PAKHADI,19.234759,72.846009
VAZIRA NAKA,19.228976,72.84455800000001
RALLI WOLF,19.170769,72.94016499999999
RIDDHI SIDDHI SOCIETY (MULUND -E),19.169415,72.955006
SAIDHAM (MULUND-W),19.167644,72.944738
SANTOSHI MATA MANDIR (MULUND-W),19.183083,72.948464
SHIVAJI NAGAR BUS STATION,19.066198,72.92788299999999
"BRAMHALA TALAO, MANORPADA",19.202641,72.97636199999999
USHMA NAGAR,19.19397,72.83256299999999
NEW ERA TALKIES,19.183798,72.84689899999999
LOKMANYA TILAK CHOWK (MALAD-W),19.184682,72.844836
PINKY CINEMA,19.121952,72.84781599999999
MAJAS DEPOT,19.139262,72.86537
TUNGA VILLAGE,19.120239,72.890863
AMULAKH HIGH SCHOOL,19.026224,72.86029600000001
ANTOP HILL EXTENSION,19.024973,72.86957700000001
SHIVRAM SOCIETY,19.175729,72.944433
SIDDHARTH NAGAR (THANE),19.182496,72.97044699999999
ST.XAVIERS HIGH SCHOOL (THANE),19.240376,72.97758399999999
SUBHASH NAGAR (THANE),19.2162833,72.9738333
SUBHASH TOWER,19.207766,73.0115
SWAMI VIVEKANAND CHOWK (THANE),19.181692,72.967651
SWAPNA NAGARI (YOGI HILL),19.1828,72.94213329999999
"TALAVALI NAKA, NOCIL COMPANY",19.1306,73.003416
INDIRA DOCK,18.935872,72.843565
SEWREE COURT,18.996489,72.852982
CANTEEN STORES DEPARTMENT,18.9817,72.853656
RUSHI COMPLEX (DAHISAR-W),19.251493,72.85129499999999
GORAI CREEK,19.232893,72.826256
AMAR TALKIES,19.051802,72.910462
DUKES COMPANY (DEONAR),19.046571,72.909628
SAHAKAR NAGAR (CHEMBUR-E),19.063831,72.893879
BHARANI NAKA (ANTOP HILL),19.025616,72.871116
C.G.S.DISPENSARY,19.029803,72.86299099999999
OLD NAGARDAS ROAD,19.12376,72.85059
"GODREJ FOODS COMPANY, VEG.OILS (WADALA-E)",19.009485,72.861379
GURU TEG BAHADUR NAGAR STATION,19.037474,72.863452
KANE NAGAR,19.02957,72.865927
TATWADNYAN VIDYAPITH,19.223727,72.977715
THANE CIVIL HOSPITAL,19.199064,72.978825
VAISHALI NAGAR (MULUND-W),19.1866,72.9456667
"VIDYABEN GARDI SCHOOL, KESHAVPADA",19.170932,72.947267
WAGHBIL,19.252563,72.97274299999999
WAGLE CIRCLE,19.194593,72.949918
"YASHASVI NAGAR, VARDHAMAN GARDEN",19.218405,72.98390499999999
SAHAKAR BAZAR (AIROLI),19.150204,72.99970399999999
MAHALAXMI TEMPLE,18.976465,72.80828700000001
NAIR HOSPITAL,18.973784,72.822666
HASRAT MOHANI CHOWK,18.967798,72.828416
"DR.AMBEDKAR CHOWK, INDIRA NAGAR THANE",19.204747,72.949899
KOLBAD,19.204051,72.977171
"INDIRA NAGAR (KAMANI), KHALAI VILLAGE",19.081971,72.89436600000001
MULUND (W) MCGM GARDEN,19.175883,72.94872100000001
MULUND SONAPUR,19.178521,72.953808
KAMANI OIL INDUSTRIES (CHANDIVLI),19.113327,72.890761
PANCHAMRUT,19.256981,72.97066
PAWAR NAGAR BUS STATION (THANE),19.229003,72.966379
KORBA MITHAGAR,19.016099,72.864481
NADKARNI PARK,19.017806,72.86230500000001
PRATIKSHA NAGAR DEPOT,19.044616,72.87477199999999
AMBIKA NAGAR,19.197646,72.955718
"ORLEM POST OFFICE, S.N.D.T.COLLEGE",19.19133,72.84206399999999
"CHINCHVALI PHATAK, SARVODAYA BALIKA VIDYALAYA",19.178729,72.84522
"ORLEM CHURCH, VALNAI VILLAGE",19.195564,72.837963
AIROLI BUS STATION,19.156944,72.998299
ORLEM WELL,19.193181,72.840551
V.J.T.I.COLLEGE,19.023918,72.854731
"INDIAN OIL DEPOT (WADALA-E), BARKAT ALI DARGAH",19.021014,72.863927
MULLA BAUG,19.239292,72.97579500000001
SARDAR NAGAR NO.4 (GTB NAGAR),19.035253,72.867406
SEWREE RAILWAY PHATAK,19.000637,72.85571400000001
CHOKSI HOSPITAL,19.191937,72.84441200000001
IJMIMA,19.184142,72.83371200000001
"DHOLEDEV MANDIR, VASARI TEKDI NO.2",19.173793,72.83978500000001
INDUSTRIAL ESTATE (MALAD-W),19.185882,72.84175399999999
NAVY NAGAR (MALAD-W),19.187316,72.838615
D MART SHOPPING CENTRE-MALAD-W,19.186809,72.835706
ACHARYA MARATHE COLLEGE,19.058469,72.90809400000001
ANNABHAU SATHE NAGAR (MANKHURD),19.056206,72.930013
ASSISI NAGAR (CHEMBUR-W),19.060548,72.91217899999999
B.M.C.COMPOST PLANT,19.057416,72.927685
"10TH ROAD, CHEMBUR CHURCH",19.056416,72.90055099999999
DEONAR POLICE STATION,19.0583,72.91784199999999
NATIONAL DAIRY,19.191451,72.83383000000001
SARVODAYA BALIKA VIDYALAYA (MALAD-W),19.176643,72.84582
SARDAR CHOWK,19.185114,72.842021
PARADIGM- B,19.180455,72.831737
SUBHASH NAGAR,19.13611,72.851371
NATIONAL COLLEGE (BANDRA-W),19.063223,72.83734699999999
"MAROLNAKA, MATA RAMABAI AMBEDKAR CHOWK",19.108517,72.88090699999999
SHREE PARLESHWAR SOCIETY,19.105834,72.84678099999999
"VISHAL HALL, PRAKASH STUDIO",19.118512,72.852086
ANUSHAKTI NAGAR,19.042925,72.92613
RAMABAI NAGAR (GHATKOPAR-E),19.078616, 72.916175
KHARGHAR RAILWAY STATION (SUBWAY),19.027382,73.05781899999999
MAHARASHTRA STATE CO-OPERATIVE BANK,19.070162,73.00235499999999
TURBHE POLICE STATION,19.062198,73.01899
DEONAR FIRE BRIGADE COLONY,19.055753,72.92207999999999
JIJAMATA BHOSLE MARG JUNCTION (CHEMBUR),19.070114,72.908547
NARAYAN GURU HIGH SCHOOL (CHEMBUR-W),19.061044,72.90857800000001
NEW GAUTAM NAGAR (GOVANDI),19.06091,72.91597
CITIZEN BANK,19.24684,72.850319
MUNICIPAL GARDEN (BORIVALI -W),19.238122,72.849811
YOGI HOTEL (BORIVALI -W),19.235074,72.84398299999999
RAWLI CAMP,19.036663,72.869039
BHANDUP PEOPLES SCHOOL,19.140024,72.92561600000001
DR.K.B.HEDGEWAR CHOWK BHANDUP SONAPUR,19.161418,72.937752
GELDA NAGAR,19.097379,72.907816
HUMA CINEMA (KANJURMARG-W),19.129219,72.92577
VALLABH PARK,19.077912,72.912288
BEST POWER HOUSE (KUSSARA),18.96902,72.845251
INSPECTOR KAKLIS CHOWK,18.964032,72.843953
RAILWAY SANKALP COLONY (MANKHURD),19.055222,72.93313000000001
SHIVAJI NAGAR JUNCTION (GOVANDI),19.062537,72.918373
SHIVAJI NAGAR (GOVANDI) TERMINUS,19.060623,72.925404
SUBHASH NAGAR (CHEMBUR-E),19.060175,72.904911
AGARWAL MUNICIPAL HOSPITAL,19.178566,72.945802
ANAND NAGAR (GHODBUNDER ROAD),19.264705,72.96771200000001
BRAHMAND PHASE-5,19.244856,72.983481
BRAHMAND PHASE-6,19.246573,72.984689
GHANSOLI RAILWAY STATION,19.116316,73.00787
GAIWADI,18.953916,72.82042300000001
Aarey Hospital or Municipal School,19.148612, 72.876564
ARIHANT INDUSTRIAL ESTATE,19.1494667,72.8476833
CAFE PARADISE,18.961783,72.830766
KELKAR COLLEGE,19.162919,72.956632
CANOSSA SCHOOL (ANDHERI-E),19.125169,72.865264
SOMPURI MARKET,19.081038,72.838672
BANDRA POLICE STATION,19.055552,72.83573800000001
DANA BAZAR,19.083585,73.008431
MAFATLAL MILL,18.979813,72.840847
B.S.E.S SUB-STATION (SWAMI SAMARTH NAGAR),19.134566,72.82529
SIR ALIYAWAR JUNG INSTITUTE(BANDRA-W),19.052236,72.83423000000001
POWAI CHOWK (MULUND-W),19.1726833,72.9359
JAMBLI MOHALLA,18.955982,72.829622
SANTACRUZ STATION (W),19.08209,72.841281
"DR.DATTA SAMANT CHOWK, SAKI NAKA",19.102864,72.885738
AFGHAN CHURCH,18.907188,72.81697800000001
"DUMPING GROUND, NIRANKARI BHAVAN",19.067218,72.925774
DIVINE CHILD HIGH SCHOOL,19.112882,72.864188
RELIANCE ENERGY OFFICE (TILAK NAGAR CHEMBUR),19.066734,72.897271
TRANSPORT CORPORATION,19.269331,72.879166
NARAYAN DABHOLKAR MARG,18.950777,72.793688
C.B.D. BELAPUR BUS STATION,19.025095,73.041613
SHANTI ASHRAM JUNCTION,19.242466,72.845066
MORE MALL,19.214699,72.83987
I.R.B.COMPLEX (POWAI),19.11353,72.900921
SHIVSENA OFFICE (CHEMBUR-W),19.061983,72.906012
ADARSH DAIRY (MALAD-W),19.192441,72.84288100000001
SEAWOOD DARAVE RAILWAY STATION,19.021382,73.017313
SARVODAYA NAGAR (BHANDUP-W),19.149465,72.930063
SHANTI BAUG (CHEMBUR),19.057616, 72.895373
"KANNAMWAR NAGAR, BUILDING NO.188",19.118706,72.940675
TERNA ENGINEERING COLLEGE (NERUL),19.030173,73.016955
SATHAYE COLLEGE (VILE PARLE-E),19.097488,72.849401
NELCO,19.117163,72.86284499999999
"HIND RECTIFIER CORPORATION, COLOUR CARTONS",19.157344,72.93446299999999
BEVERLY PARK,19.286779,72.867484
FORENSIC LAB,19.07471,72.858718
M.H.B.COLONY (BORIVALI -W),19.230508,72.838527
MALVANI BLOCK NO.7,19.186336,72.818839
TATA MOTORS,19.197547,72.949167
KURAR POLICE CHOWKY,19.185479,72.863766
SOUTH-NORTH MARG NO.9 (VILE PARLE-W),19.10717,72.831157
VIKHROLI COURT,19.115751,72.93642699999999
MAKHAMALI TALAO,19.198441,72.971712
RYAN INTERNATIONAL SCHOOL(GOREGAON-E),19.171969,72.87239700000001
GOREGAON TELEPHONE EXCHANGE,19.157587,72.856661
RABALE POLICE STATION,19.145777,73.000787
C-CROSS ROAD (SEEPZ) JUNCTION,19.122895,72.871244
B.P.T. COLONY (WADALA),19.01253,72.86247899999999
CHARKOP SECTOR 6,19.216656,72.83395299999999
CHEMBUR PHATAK,19.064646,72.89958900000001
SAHYADRI SCHOOL,19.197734,72.993421
AMAR NAGAR,19.168284,72.931866
"KANDIVALI INDUSTRIAL ESTATE, GANESH NAGAR",19.204194,72.828295
"M.M.R.D.A., FAMILY COURT (BKC)",19.056032,72.851471
SARDAR VALLABHBHAI PATEL COLLEGE,19.249936,72.84590300000001
BHUTTA COLLEGE,19.108013,72.848443
BRIMCO,19.207587,72.822996
SWAN MILLS,18.994761,72.848795
LALJIPADA POLICE CHOWKY,19.203927,72.834343
MULUND COURT,19.174501,72.95811500000001
SANSKRITI APARTMENT,19.213132,72.863502
JAGDUSHA NAGAR,19.099583,72.90847100000001
M.I.G.COLONY (KALA NAGAR),19.056183,72.847651
MASTER WADI,19.15238,72.790378
KETAKI PADA,19.255857,72.869337
GOPAL NAGAR (WORLI),19.006235,72.823352
VAIBHAV ASAVARI SOCIETY (WARE HOUSE),19.106514,72.86671
ABHINAV NAGAR,19.2318833,72.8682333
VIVEKANAND NAGAR (BELAPUR),19.023739,73.04451899999999
BHANDUP VILLAGE (W),19.151662,72.94329500000001
NEW D.N.NAGAR,19.118173,72.829893
SHANGRILA COMPANY,19.154236,72.93755299999999
BANDRA RAILWAY TERMINUS,19.062603,72.84154700000001
SHANTI NAGAR (KALINA),19.073946,72.849597
VIJAY PRINTING PRESS,19.101499,72.88455999999999
KARTVYA NAGAR,19.007966,72.85918599999999
ANITA NAGAR,19.197148,72.875854
K.C.COMPANY (BHANDUP-W),19.158897,72.933436
FERRY WHARF,18.956935,72.84939900000001
DNYANODAY VIDYALAYA,19.207069,72.950564
Dnyansadhana College (KOPARI),19.184504, 72.964891
KINNARI HALL (KANNAMWAR NAGAR),19.11127,72.93438399999999
LALLUBHAI COMPOUND POLICE CHOWKY,19.053152,72.92725900000001
KISAN NAGAR JUNCTION,19.193409,72.95389299999999
"SWAMI NARAYAN CHOWK, DADAR STATION -E",19.018175,72.844505
"B.D.PATIL MARG, HPCL",19.01942,72.898
JAIN MANDIR (KANDIVALI-W),19.201949,72.849103
KRISHNA BUILDING (MALAD-W),19.187236,72.839804
NAVRANG HOTEL,19.039374,73.06732599999999
DON BOSCO VIDYALAYA (NERUL),19.01758,73.01442400000001
DAHISAR PHATAK (W),19.247567,72.859183
SHIVAJI CHOWK (NERUL),19.044246,73.022983
ISHWARBHAI PATEL ROAD,19.161109,72.853532
BIRLA COMPANY,19.136574,72.92965599999999
EVERARD SOCIETY,19.049387,72.877582
SHILP CHOWK,19.046094,73.069658
HEALTH CENTRE (VIDYANAGARI),19.072886,72.860249
BANK OF BARODA (JOGESHWARI -E),19.136771,72.853452
SHETHIYA NAGAR,19.097706,72.88785900000001
TECHNIMONT I.C.B.HOUSE,19.181206,72.833533
POWAI VIHAR COMPLEX,19.119475,72.904083
MERCHANT BROTHERS,19.20757,72.82481199999999
AMBAJI DHAM,19.178051,72.949881
SHREYAS CINEMA,19.092294,72.911115
JUIPADA VILLAGE,19.051069,73.01687699999999
MORA VILLAGE,19.117831,72.82143600000001
NERUL BUS STATION,19.03982,73.019903
BANK OF INDIA (BKC),19.061006,72.86040800000001
SUYASH SHOPPING CENTRE,19.176027,72.877595
GOREGAON-MULUND LINK ROAD (MULUND-W),19.160335,72.946774
"SPECIAL STEEL, RAJENDRA NAGAR",19.221227,72.863174
BHANDUP STATION (E),19.142483,72.939151
MAHARASHTRA WEIGHT BRIDGE (SION),19.05381,72.86798400000001
MUKESH CHOWK (KEMPS CORNER),18.964418,72.804063
RAJ PARK,19.205021,73.007182
MOVIE STAR TALKIES (GOREGAON-W),19.1517833,72.84650000000001
SARAF CHOUDHARI NAGAR,19.208949,72.86322
SU PUMPS (MULUND-WEST),19.1846,72.94338329999999
VIKHROLI BUS STATION (E),19.110185,72.929481
BANGUR HALL,19.165703,72.83287900000001
FIRE BRIGADE JUNCTION (ANTOP HILL),19.025867,72.86851299999999
GAVDEVI MANDIR (THANE),19.184538,72.97249100000001
SASOON DOCK,18.914882,72.82484100000001
BANDRA (E) PHATAK,19.057209,72.84133300000001
KRISHNA NAGAR (SAKI NAKA),19.099107,72.88785900000001
EKTA BHOOMI COMPLEX,19.212675,72.838587
DAHISAR MARKET,19.25595,72.858018
MARVA INDUSTRIAL ESTATE,19.111727,72.886599
ZULELAL CHOWK,19.142995,72.824617
SONAWALA BUILDING,18.967293,72.816813
AMRAPALI SOCIETY,19.181409,72.815164
ANAND NAGAR MARKET,19.255818,72.86462899999999
CROMPTON GREAVES,19.134379,72.93497000000001
SUNDERVAN (ANDHERI-W),19.136915,72.825563
NARAYAN NAGAR (GHATKOPAR-E),19.085829,72.894991
MINERVA TALKIES,18.964584,72.81855299999999
TAKSHILA,19.129489,72.868189
C.K.P.COLONY,19.232302,72.846743
GARWARE CHOWK,19.109958,72.85289899999999
BHARATI VIDYAPITH,19.026416,73.056802
STANDARD ALKALI COMPANY,19.119776,73.006388
PARVAT NAGAR,19.243539,72.860004
GANESHMURTI NAGAR POLICE CHOWKY,18.910166,72.813264
SAMRAT HOTEL (MATUNGA-E),19.030918,72.844857
"CHEMBUR LEVEL CROSSING, SHELL BRIDGE",19.06357,72.89764099999999
MONGINIS (ANDHERI-W),19.138456,72.831883
NAVJEEVAN VIDYAMANDIR (BHANDUP-W),19.151633,72.92992
RANI SATI MARG (MALAD-E) MUNICIPAL SCHOOL,19.183513,72.852386
GOKHALE BRIDGE,19.115214,72.849645
S.K.STONE (MIRA ROAD),19.285163,72.869635
DONGRI,18.958073,72.835346
SUNDAR GALLI (BYCULLA-W),18.976319,72.830432
MOUNT MARY STEPS (MUNICIPAL GARDEN),19.04821,72.82597699999999
FAMOUS STUDIO,18.985918,72.82401400000001
SARDAR PATEL NAGAR (PARK STREET),19.141374,72.819543
"KAMOTHE VILLAGE, MANSAROVAR",19.025759,73.095871
SHIVSHRUSHTI (KURLA-E),19.055018,72.882482
DATTA WADI,19.20047,72.998632
ANIRUDDHA BHAVAN,19.053092,73.016535
SARVODAYA NAGAR (JOGESHWARI-E),19.134482,72.863558
JUHU NAGAR (VASHI),19.084752,73.00185500000001
NAVA GAON (DAHISAR-W),19.251368,72.853864
DADOJI KONDEV NAGAR (KHARDEV NAGAR),19.056003,72.910138
NOORANI MASJID (PATHANWADI),19.179272,72.862419
"SAVE NAGAR, GAONDEVI MANDIR (DAHISAR-E)",19.255166,72.86079599999999
TRANSIT CAMP DISPENSARY,19.041967,72.87058399999999
UMA MAHESHWARI MANDIR,19.093631,72.886398
SANPADA POLICE CHOWKY,19.062779,73.010344
GOPAL BHAVAN (GHATKOPAR-W),19.089917,72.90893
"PETROL PUMP, MAHESHWARI MANSION (NAPEAN SEA ROAD)",18.961146,72.801407
"SAMAJ MANDIR HALL (SION KOLIWADA), PRATIKSHA NAGAR NO.1",19.041162,72.868799
"INDIAN BANK, HIRANANDANI (THANE- W)",19.253856,72.98164199999999
VASTU ANAND,19.206619,73.009874
AKSHAY,19.05162,72.831418
SHIVRAJ BHAVAN,19.006315,72.83463500000001
KOKAN NAGAR (BHANDUP-W),19.144177,72.92824899999999
"POLICHEM LIMITED, PEPSICO",19.022205,72.905474
OM NAGAR (WARE HOUSE),19.106081,72.867851
DR.SHIRODKAR HIGH SCHOOL,18.99948,72.839845
"MUNICIPAL WARD OFFICE, DR.AMBEDKAR GARDEN (CHEMBUR)",19.060427,72.899191
SHREE SWAMI SAMARTH NAGAR (EXTENSION),19.14613,72.825632
PARLESHWAR MANDIR,19.102871,72.845805
"SUKUR PARK, SAHYADRI SOCIETY",19.198953,72.99549399999999
MAMA HOTEL,19.072305,72.82740200000001
BANK OF BARODA (BKC),19.06136,72.862983
"SHELL COLONY, SAMAJ MANDIR HALL (CHEMBUR)",19.062746,72.89237799999999
DAHISAR STATION (W),19.249844,72.858896
"RETI BUNDER, KHARIGAON (KALWA)",19.210511,73.015638
DARYA MAHAL,18.952505,72.797048
VASANT VIHAR,19.221929,72.97000199999999
PANJARAPOL,19.045767,72.907785
BORIVALI STATION (E),19.230665,72.858737
UMARKHADI,18.962509,72.835618
SEWREE STATION (E),18.997863,72.854367
OTIS COMPANY,19.200418,72.875529
VILE PARLE STATION (E),19.099229,72.844401
MASTAN TALAO,18.964981,72.830536
VIVIDH BHARTI,19.231742,72.833361
JAIN MANDIR (OM NAGAR) -(ANDHERI-E),19.108403,72.86803
WADALA GATE NO.4,19.021518,72.860631
MOHITE PATIL NAGAR (MANKHURD),19.053479,72.93511599999999
BALKUM PADA NO.1,19.221746,72.991067
LOUISWADI,19.195812,72.962536
BADHWAR PARK,18.919834,72.82590999999999
GOKULDHAM MARKET,19.175545,72.86975200000001
LIBRA SOCIETY,19.198968,72.82190900000001
AGARKAR CHOWK,19.118916,72.84797
LOKMANYA TILAK VIDYALAYA (CHEMBUR),19.066137,72.895095
LAXMI INDUSTRIAL ESTATE (ANDHERI-W),19.134056,72.831934
KANDIVALI TELEPHONE EXCHANGE,19.211382,72.851635
"KOLSITE INDUSTRIES, JUCHANDRA SOCIETY",19.131881,72.835291
CHARKOP NAKA,19.209502,72.82265200000001
SINDHUWADI,19.077747,72.903869
ERANGAL VILLAGE,19.161726,72.786547
BHAYANDER PHATAK (POLICE CHOWKY),19.298796,72.85493700000001
DEVIPADA,19.224606,72.86446599999999
GIRIDHAR PARK,19.195768,72.831829
MARY IMMACULATE SCHOOL,19.247926,72.85377099999999
KHINDIPADA,19.1666167,72.9297
KHIRA NAGAR (SANTACRUZ-W),19.086948,72.8381
DOMNIC SCHOOL,19.126424,72.86369500000001
PATKAR COLLEGE (GOREGAON-W),19.168602,72.84558800000001
SHANTI SUDHA PARK (JAIN MANDIR),19.075762,72.91264
LIBERTY GARDEN,19.187617,72.84257100000001
KRISHNA VATIKA (DAHISAR-E),19.2628,72.8616833
JAY MAHARASHTRA NAGAR,19.221482,72.868814
NABARD NAGAR,19.207731,72.86627300000001
NIRLON SOCIETY,19.177333,72.836997
RUSHI COMPLEX EXTENSION (DAHISAR - W),19.257157,72.851444
ANTOP HILL CHURCH,19.032696,72.866761
DEONAR DEPOT,19.045623,72.910844
URBAN CO-OPERATIVE BANK (MULUND-W),19.168954,72.952344
MATRUCHAYA (GURUPRASAD SOCIETY),19.103497,72.850233
PRATIKSHA NAGAR (MHADA COLONY),19.041934,72.876446
"TATA NAGAR, SAMBHAJI NAGAR",19.051877,72.92147300000001
SIDDHIVINAYAK TOWER (THANE),19.209887,72.974414
ESTRELLA BATTERY,19.03951,72.85471099999999
ST.ANTHONY CHURCH,19.106444,72.893491
MAHARAJ BHAVAN,19.137812,72.85638899999999
JASLOK HOSPITAL,18.973484,72.80920999999999
"KEVA FRAGRANCES, KELKAR COMPANY",19.184989,72.947846
AZIZ BAUG,19.037542,72.895067
ST.ANDREW S CHURCH,19.054732,72.82569599999999
DATTANI PARK,19.211599,72.869285
MANEKJI COOPER SCHOOL,19.088295,72.82719899999999
"VANRAI MHADA, NIRLON INDUSTRIAL ESTATE",19.154696,72.856616
PAREL WORKSHOP,19.000816,72.83791600000001
BORIVALI PHATAK (E),19.23388,72.858041
KURLA (W) LEVEL CROSSING,19.058274,72.87120299999999
NAFA,19.071089,72.86308099999999
BOMBAY DYEING,19.006285,72.82962999999999
"GAUTAM NAGAR, DEONAR ABATTOIR",19.059112,72.913928
"KANNAMWAR NAGAR, BUILDING NO.124",19.12241,72.940314
DHIRAJ ENCLAVE,19.215331,72.86952100000001
BHAVISHYA NIDHI BHAVAN (CHARKOP),19.215335,72.831035
TELEPHONE EXCHANGE (BARVE NAGAR),19.088976,72.904141
TILAK NAGAR RAILWAY STATION,19.066134,72.891356
SWATI STUDIO,19.163213,72.852675
PHOENIX CHEMICALS (BYCULLA-E),18.985403,72.83750000000001
MAXUS MALL (BHAYANDER-W),19.294755,72.850258
"MHADA COLONY, MALVANI",19.178915,72.813559
SHIMPAVALI VILLAGE,19.223879,72.84245
KHAR STATION (W),19.069838,72.839718
S.K.PATIL AROGYADHAM (MALAD-E),19.188654,72.854569
E.S.I.S.HOSPITAL (KANDIVALI- E),19.202107,72.856234
PRINCESS DOCK,18.955268,72.842032
ANTOP HILL POST OFFICE,19.024465,72.86382999999999
"KHOT ROAD, BHATIPADA",19.150876,72.935947
"DAMU NAGAR, MAYUR MARKET",19.2009667,72.8788833
RANI SATI MARG JUNCTION (MALAD-E),19.179993,72.858682
NORTH BOMBAY SCHOOL,19.096521,72.907864
PODDAR & RUIA COLLEGE (MATUNGA),19.023815,72.84972500000001
R.N.A. COMPLEX,19.060621,72.851116
ORKAY MILL,19.121603,72.87055100000001
O.N.G.C.COLONY (DINDOSHI),19.173846,72.868212
HINDUSTAN PETROLEUM COLONY (GOREGAON -E),19.172392,72.869516
BHARATIYA AROGYA NIDHI HOSPITAL,19.111613,72.82852099999999
JOHNSON & JOHNSON COMPANY,19.174934,72.94208500000001
MHADA COLONY (OSHIWARA),19.134143,72.82628800000001
SUNDAR NAGAR (MALAD-W),19.175251,72.845232
GAMMON HOUSE,19.014666,72.826251
NAVJEEVAN NAGAR (GOREGAON-E),19.1528,72.88039999999999
NATRAJ STUDIO,19.117177,72.854263
MAHAPE NAKA,19.113406,73.008734
SHANTI NAGAR (ANDHERI-E),19.119504,72.863623
SHASTRI NAGAR (BORIVALI -W),19.217941,72.851679
MHADA COLONY (SHIMPAVALI),19.21972,72.836129
SAIBABA ROAD (LALBAUG),18.994693,72.841263
KARIM BUNGALOWS,19.152329,72.870453
ASALPHA VILLAGE,19.095803,72.895634
"AIROLI SECTOR 4, CORPORATION BANK",19.153999,72.99949599999999
ADV. PALJIBHAI BORICHA CHOWK,19.146792,72.828169
B.S.E.S.SUB STATION-CHEMBUR,19.059144,72.89936299999999
SANDUWADI (CHEMBUR-E),19.053271,72.89712299999999
"SAMAJ MANDIR HALL (VASHI), SECTOR 11",19.082837,73.000439
MUNICIPAL COLONY (VIKHROLI-W),19.103606,72.916139
ERLA MASJID,19.110951,72.837208
CHAINANI ELDER S HOME,19.166687,72.96364800000001
HAFFKINE INSTITUTE,19.001452,72.844431
BANDRA COLONY BUS STATION,19.061732,72.85063100000001
"MASINA HOSPITAL, RUSTOM BAUG",18.975899,72.837402
PRARTHANALAYA,19.050962,72.82178500000001
MINI NAGAR,19.24965,72.867448
DATTA MANDIR,19.209958,72.837737
KUMBHAR TUKDA,18.953776,72.826424
CHAR NAL,18.958354,72.83668400000001
SALASAR HANUMAN MANDIR (MALAD-W),19.192569,72.830691
MANEKLAL MUNICIPAL SCHOOL,19.089915,72.902582
LODHA COMPLEX,19.292519,72.856568
B.A.P.MARKET,19.073611,73.008342
SUMATI SCHOOL,19.113438,72.824259
Lodha Paradise Complex (THANE),19.214480, 72.984168
"SSC BOARD OFFICE, ST.LAWRENCE SCHOOL (VASHI)",19.074245,73.000846
RADHA SILK MILL,19.126248,72.855369
MUNICIPAL LIBRARY (CHEMBUR),19.087887,72.91779699999999
NAIK NAGAR (DHARAVI),19.050953,72.86467
DURGAMATA MANDIR,19.202896,72.862976
SIDDHARTH NAGAR (GOREGAON-W) NO.2,19.15514,72.843525
SHANTI NAGAR,19.079163,72.875686
ADDITIONAL C.P.OFFICE (BANDRA-W),19.063602,72.82276299999999
MHADA COLONY (MAJAS),19.134104,72.866371
PUMP HOUSE (ANDHERI-E),19.125643,72.856577
HOUSING COLONY (GOREGAON-E),19.173394,72.86847899999999
CANARA BANK,19.058874,72.860761
AAREY PUMP HOUSE,19.154399,72.875068
ISMAIL YUSUF COLLEGE,19.134496,72.85533599999999
LION S GATE,18.926796,72.83392600000001
ANKUR PALACE,19.222737,72.84951700000001
"ALBERT ROAD, TANAJI MALUSARE CHOWK",18.984638,72.842258
NITIN COMPANY JUNCTION,19.199182,72.963116
SHIVAJI CHOWK (MULUND-W),19.175936,72.937721
DUDHSAGAR SOCIETY,19.168231,72.859279
A.T.I. (CHUNABHATTI),19.054078,72.881294
C.B.I.QUARTERS (GHATKOPAR-E),19.081751,72.91082400000001
KASHI VILLAGE,19.274411,72.88570900000001
PIONEER HIGH SCHOOL,19.030801,72.854556
GEETA NAGAR (COLABA),18.913885,72.808543
BHAVANS COLLEGE,19.12471,72.838471
SATYAM BUILDING,19.005664,72.832802
SANTOSH NAGAR (EXTENSION),19.167318,72.876772
MULUND STATION (E),19.170779,72.956175
KHAMBATA LANE,18.960396,72.824282
NEW CUSTOM HOUSE,18.934081,72.839617
E.S.I.S. LOCAL OFFICE POWAI,19.117329,72.88948600000001
SAMRAT HOTEL (CHURCHGATE),18.930711,72.82636599999999
SHIVNERI BUILDING (BORIVALI -W),19.227047,72.82442500000001
"SHIVNER CHOWK, GANESH MANDIR (GHATKOPAR-E)",19.082058,72.912524
GIRISHIKHAR,19.235973,72.87272
AMBAWADI,19.24053,72.859691
NERUL SECTOR 2,19.044618,73.017777
"GOVANDI STATION (E), PATWARDHAN SCHOOL",19.053854,72.913359
RAJKUMAR (ANDHERI-W),19.126337,72.838517
MANKHURD STATION (NORTH),19.050353,72.933995
KANJUR MARG STATION (W),19.130756,72.92865
KAMAL AMROHI STUDIO,19.133656,72.874651
JIJAMATA VIDYALAYA (MALAD-E),19.188091,72.865247
COCACOLA COMPANY,19.280728,72.926357
MAFCO MARKET (SANPADA),19.070332,73.009101
KAPILVASTU BUDDHA VIHAR (KALINA),19.074955,72.860552
ADARSH HIGH SCHOOL,19.022031,72.875933
CUFFE PARADE POLICE STATION,18.912013,72.818113
NEW LINK ROAD JUNCTION (KANDIVALI-W),19.212583,72.836743
SHEETAL TALAO,19.084288,72.88061500000001
VIJAY GARDEN,19.260116,72.969386
"NAVSENA GATE, KIROL VILLAGE",19.08255,72.895724
NAV SOCIETY,19.102252,72.853199
ANAND NAGAR (OSHIWARA),19.15023,72.836142
KASTURI VIDYALAYA,19.152077,72.939274
SHOPPING PLAZA,19.111306,72.897462
GATE WAY PLAZA (POWAI),19.124085,72.913881
STATE BANK (KAMANI),19.08409,72.883618
RUTU TOWER,19.247926,72.978934
"SIKKA NAGAR, GANPATI MANDIR",18.956077,72.823412
HANUMAN SOCIETY BUILDING NO.5,19.103679,72.852846
STATE BANK (MAROL),19.115229,72.87969699999999
GARDEN COURT CIRCLE,19.2583,72.977158
KANTI NAGAR (ANDHERI-E),19.108429,72.86605299999999
DAULAT NAGAR (DAHISAR),19.236429,72.85929400000001
THANE STATION (E),19.18517,72.97561
KALAMBOLI BUS STATION,19.027426,73.101192
SHIVAJIRAJE COMPLEX (KANDIVALI-W),19.201039,72.825112
"PUNCHKUTIR, GANESH MANDIR (POWAI)",19.124012,72.90955599999999
OSWAL PARK,19.2145167,72.97645
MATUNGA POST OFFICE,19.027603,72.85338
KANDIVALI STATION (E),19.202313,72.85327700000001
CHITRA CINEMA,19.01382,72.844717
KAALA HANUMAN MANDIR,19.204821,72.84686600000001
SAMRAT ASHOK NAGAR,19.054468,72.913083
CHUIM VILLAGE,19.072105,72.82582499999999
MUNICIPAL DISPENSARY (VAKOLA),19.0824333,72.8504167
KRISHNA LEELA CO-OPERATIVE HOUSING SOCIETY,19.168522,72.833685
ALLAHABAD BANK,19.112948,72.85303
DWARKADHISH SOCIETY,19.166616,72.833097
KALYAN NAGAR,19.114835,72.88730099999999
MADHUR COLONY (MALAD-W),19.179249,72.83878300000001
BORIVALI PHATAK (W),19.234196,72.85719400000001
"CHINCHWADI, GARTEN PADA NO.1",19.254185,72.87021799999999
"VASHI SECTOR 10,15",19.08094,72.999146
NEIGHBOUR HOOD SOCIETY,19.195577,72.878023
MODERN USHA COLONY,19.190132,72.83422
KAVERI MAHIMA SOCIETY (GOREGAON-W),19.167736,72.833496
PODDAR HOSPITAL (WORLI),19.003257,72.815955
VINAY INDUSTRY (SUBKUCH MARKET),19.175174,72.83717900000001
REAY ROAD BRIDGE,18.977493,72.84383
DIAMOND PARK (VAKOLA),19.0834667,72.8519167
SHIVAJI NAGAR (SEWREE),19.001277,72.853919
PETROLEUM HOUSE (CHURCHGATE),18.929165,72.825076
Colaba Depot,18.92168,72.830326
Wadala Depot,19.014319,72.85215700000001
